-- Generated by migrate-accounts-map.ts
-- DO NOT EDIT MANUALLY

INSERT OR IGNORE INTO clients
  (id, slug, canonical_name, package, status, owner_group, manual_only,
   requires_approval_from, language, never_mix_with, upload_post_profile,
   wp_domain, wp_url, wp_auth, wp_template, brand_json, notes, created_at, updated_at)
VALUES (
  'c1ee3b8cd460e638498782098f', 'elite-team-builders', 'Elite Team Builders Inc.',
  'medium', 'active',
  NULL,
  0,
  NULL,
  'en',
  '["americas-professional-builders"]',
  'Elite_Team_Builders',
  'eliteteambuildersinc.com',
  'https://eliteteambuildersinc.com/wp-json/wp/v2',
  'b3BlbmNsYXc6b3dPMiByaGpRIExad2EgMlZ0VyB2N2FKIE45bmI=',
  'etb',
  '{"primary_color":"#1a1a2e","accent_color":"#c8a04a","company_name":"Elite Team Builders","tagline":"Seattle''s Premier Home Remodeling Experts","phone":"(888) 521-3549","phone_display":"(888) 521-3549","cta_text":"Call Elite Team Builders today for a free quote","cta_button_label":"Get Your Free Quote"}',
  'Brand colors Gold #c8a04a + Dark Blue #1a1a2e. Rotate LA/Seattle/Portland in posts.',
  1775761125, 1775761125
);

INSERT OR IGNORE INTO client_platforms
  (id, client_id, platform, account_id, username, page_id,
   upload_post_board_id, upload_post_location_id,
   privacy_level, privacy_status, paused, paused_reason, paused_since, notes)
VALUES (
  '63e72b831bb2b80b5f701ac89a', 'c1ee3b8cd460e638498782098f', 'bluesky',
  '25696',
  'eliteteambuilders.bsky.social',
  NULL,
  NULL,
  NULL,
  NULL,
  NULL,
  0,
  NULL,
  NULL,
  NULL
);

INSERT OR IGNORE INTO client_platforms
  (id, client_id, platform, account_id, username, page_id,
   upload_post_board_id, upload_post_location_id,
   privacy_level, privacy_status, paused, paused_reason, paused_since, notes)
VALUES (
  'abd60c910943337f04839274c6', 'c1ee3b8cd460e638498782098f', 'facebook',
  '21249',
  NULL,
  '897957086729693',
  NULL,
  NULL,
  NULL,
  NULL,
  0,
  NULL,
  NULL,
  NULL
);

INSERT OR IGNORE INTO client_platforms
  (id, client_id, platform, account_id, username, page_id,
   upload_post_board_id, upload_post_location_id,
   privacy_level, privacy_status, paused, paused_reason, paused_since, notes)
VALUES (
  '4a15e9ac67c6368f7fa2a24cab', 'c1ee3b8cd460e638498782098f', 'instagram',
  '33069',
  'eliteteambuildersinc',
  NULL,
  NULL,
  NULL,
  NULL,
  NULL,
  0,
  NULL,
  NULL,
  NULL
);

INSERT OR IGNORE INTO client_platforms
  (id, client_id, platform, account_id, username, page_id,
   upload_post_board_id, upload_post_location_id,
   privacy_level, privacy_status, paused, paused_reason, paused_since, notes)
VALUES (
  '7bc000b24404bbb85935164c09', 'c1ee3b8cd460e638498782098f', 'linkedin',
  '12712',
  NULL,
  '111348080',
  NULL,
  NULL,
  NULL,
  NULL,
  0,
  NULL,
  NULL,
  NULL
);

INSERT OR IGNORE INTO client_platforms
  (id, client_id, platform, account_id, username, page_id,
   upload_post_board_id, upload_post_location_id,
   privacy_level, privacy_status, paused, paused_reason, paused_since, notes)
VALUES (
  'ec5e585837576b68e17c2abee3', 'c1ee3b8cd460e638498782098f', 'pinterest',
  '4422',
  'EliteTeamBuildersInc',
  NULL,
  '1137792362049523739',
  NULL,
  NULL,
  NULL,
  0,
  NULL,
  NULL,
  NULL
);

INSERT OR IGNORE INTO client_platforms
  (id, client_id, platform, account_id, username, page_id,
   upload_post_board_id, upload_post_location_id,
   privacy_level, privacy_status, paused, paused_reason, paused_since, notes)
VALUES (
  'fdbfcb4edf53250b3d437045a3', 'c1ee3b8cd460e638498782098f', 'threads',
  '4889',
  'eliteteambuildersinc',
  NULL,
  NULL,
  NULL,
  NULL,
  NULL,
  0,
  NULL,
  NULL,
  NULL
);

INSERT OR IGNORE INTO client_platforms
  (id, client_id, platform, account_id, username, page_id,
   upload_post_board_id, upload_post_location_id,
   privacy_level, privacy_status, paused, paused_reason, paused_since, notes)
VALUES (
  '276dcd14c309f944503c73642', 'c1ee3b8cd460e638498782098f', 'tiktok',
  '31425',
  'eliteteambuildersinc',
  NULL,
  NULL,
  NULL,
  'PUBLIC_TO_EVERYONE',
  NULL,
  0,
  NULL,
  NULL,
  NULL
);

INSERT OR IGNORE INTO client_platforms
  (id, client_id, platform, account_id, username, page_id,
   upload_post_board_id, upload_post_location_id,
   privacy_level, privacy_status, paused, paused_reason, paused_since, notes)
VALUES (
  '956eca4c8cba54ed7229ff9d74', 'c1ee3b8cd460e638498782098f', 'x',
  '13230',
  'Eliteteaminc',
  NULL,
  NULL,
  NULL,
  NULL,
  NULL,
  0,
  NULL,
  NULL,
  NULL
);

INSERT OR IGNORE INTO client_platforms
  (id, client_id, platform, account_id, username, page_id,
   upload_post_board_id, upload_post_location_id,
   privacy_level, privacy_status, paused, paused_reason, paused_since, notes)
VALUES (
  'b96dd0c5a8abb3837a79f1a5c6', 'c1ee3b8cd460e638498782098f', 'youtube',
  '28640',
  'Elite Team Builders Inc.',
  NULL,
  NULL,
  NULL,
  NULL,
  'public',
  0,
  NULL,
  NULL,
  NULL
);

INSERT OR IGNORE INTO client_platforms
  (id, client_id, platform, account_id, upload_post_location_id, paused, notes)
VALUES (
  'c71a868c8162ef27c3c1aa2c55', 'c1ee3b8cd460e638498782098f', 'google_business',
  NULL,
  'locations/13908569498767872619',
  0, 'Multi-location GBP. LA confirmed active. WA confirmed active. OR pending verification (blocked). post_content.py reads gbp_locations array and posts to each non-paused location with its own caption field.'
);

INSERT OR IGNORE INTO client_gbp_locations
  (id, client_id, label, location_id, upload_post_profile, caption_field, posted_field, paused, paused_reason, sort_order)
VALUES (
  '2814b23ae4244f63b8258a6c28', 'c1ee3b8cd460e638498782098f', 'LA', 'locations/13908569498767872619',
  'Elite_Team_Builders',
  'Caption - Google Business LA',
  'Posted - Google Business LA',
  0,
  NULL,
  0
);

INSERT OR IGNORE INTO client_gbp_locations
  (id, client_id, label, location_id, upload_post_profile, caption_field, posted_field, paused, paused_reason, sort_order)
VALUES (
  'e12e8e7e03a268f18c3301b894', 'c1ee3b8cd460e638498782098f', 'WA', 'locations/13295643730305864087',
  'Elite_Team_Builders_WA',
  'Caption - Google Business WA',
  'Posted - Google Business WA',
  0,
  NULL,
  1
);

INSERT OR IGNORE INTO client_gbp_locations
  (id, client_id, label, location_id, upload_post_profile, caption_field, posted_field, paused, paused_reason, sort_order)
VALUES (
  '73292a3a3ea0968492528f1644', 'c1ee3b8cd460e638498782098f', 'OR', 'locations/15052454732110248566',
  'Elite_Team_Builders',
  'Caption - Google Business OR',
  'Posted - Google Business OR',
  1,
  'Pending Google verification — do not post until Marvin confirms',
  2
);

INSERT OR IGNORE INTO clients
  (id, slug, canonical_name, package, status, owner_group, manual_only,
   requires_approval_from, language, never_mix_with, upload_post_profile,
   wp_domain, wp_url, wp_auth, wp_template, brand_json, notes, created_at, updated_at)
VALUES (
  '3b1f6a40fed1f41bee225d109d', 'caliview-builders', 'CALI-VIEW BUILDERS',
  'medium', 'active',
  NULL,
  0,
  NULL,
  'en',
  NULL,
  'Caliview_Builders',
  'caliviewbuilders.com',
  'https://caliviewbuilders.com/wp-json/wp/v2',
  'b3BlbmNsYXc6TXNuQjcwVnk2STJXbXBKNERDelpSOWtz',
  'caliview',
  '{"primary_color":"#1a3c6e","accent_color":"#f59e0b","company_name":"Caliview Builders","tagline":"Shaping your future, one project at a time","phone":"323-484-8458","phone_display":"(323) 484-8458","cta_text":"Call Caliview Builders for a free consultation — (323) 484-8458","cta_button_label":"Call for a Free Estimate"}',
  'Latino-owned. LGBTQ-friendly. Do NOT mention financing. CV Roofing is a separate subdomain — never mix with main brand. Owner: Ori Peretz — sole decision maker. Post weekdays only (Mon-Thu 9AM-5PM, Fri 9AM-3PM). Phone: (323) 484-8458.',
  1775761125, 1775761125
);

INSERT OR IGNORE INTO client_restrictions (client_id, term) VALUES ('3b1f6a40fed1f41bee225d109d', 'financing');
INSERT OR IGNORE INTO client_restrictions (client_id, term) VALUES ('3b1f6a40fed1f41bee225d109d', 'solar');

INSERT OR IGNORE INTO client_platforms
  (id, client_id, platform, account_id, username, page_id,
   upload_post_board_id, upload_post_location_id,
   privacy_level, privacy_status, paused, paused_reason, paused_since, notes)
VALUES (
  '716b8c1794726aa7b6b355c3ae', '3b1f6a40fed1f41bee225d109d', 'bluesky',
  '26621',
  'caliviewbuilders.bsky.social',
  NULL,
  NULL,
  NULL,
  NULL,
  NULL,
  0,
  NULL,
  NULL,
  NULL
);

INSERT OR IGNORE INTO client_platforms
  (id, client_id, platform, account_id, username, page_id,
   upload_post_board_id, upload_post_location_id,
   privacy_level, privacy_status, paused, paused_reason, paused_since, notes)
VALUES (
  '0bcde3a1bad243a0f833772b6f', '3b1f6a40fed1f41bee225d109d', 'facebook',
  '21249',
  NULL,
  '114331738185501',
  NULL,
  NULL,
  NULL,
  NULL,
  0,
  NULL,
  NULL,
  NULL
);

INSERT OR IGNORE INTO client_platforms
  (id, client_id, platform, account_id, username, page_id,
   upload_post_board_id, upload_post_location_id,
   privacy_level, privacy_status, paused, paused_reason, paused_since, notes)
VALUES (
  '3d28a419d5b8cdd3e9bb4337e', '3b1f6a40fed1f41bee225d109d', 'instagram',
  '33065',
  'caliviewbuilders',
  NULL,
  NULL,
  NULL,
  NULL,
  NULL,
  0,
  NULL,
  NULL,
  NULL
);

INSERT OR IGNORE INTO client_platforms
  (id, client_id, platform, account_id, username, page_id,
   upload_post_board_id, upload_post_location_id,
   privacy_level, privacy_status, paused, paused_reason, paused_since, notes)
VALUES (
  '11301be24ca8e4a521b0cb9fab', '3b1f6a40fed1f41bee225d109d', 'linkedin',
  '12712',
  NULL,
  '112288361',
  NULL,
  NULL,
  NULL,
  NULL,
  0,
  NULL,
  NULL,
  'LinkedIn not linked to Caliview_Builders Upload-Post profile — link shared LinkedIn account at upload-post.com (same account as Elite_Team_Builders) to enable automated LinkedIn posting'
);

INSERT OR IGNORE INTO client_platforms
  (id, client_id, platform, account_id, username, page_id,
   upload_post_board_id, upload_post_location_id,
   privacy_level, privacy_status, paused, paused_reason, paused_since, notes)
VALUES (
  '76e1d45b07f22aaeeab2cbaf47', '3b1f6a40fed1f41bee225d109d', 'pinterest',
  '4595',
  'caliviewbuilders',
  NULL,
  '1091137884659911570',
  NULL,
  NULL,
  NULL,
  0,
  NULL,
  NULL,
  NULL
);

INSERT OR IGNORE INTO client_platforms
  (id, client_id, platform, account_id, username, page_id,
   upload_post_board_id, upload_post_location_id,
   privacy_level, privacy_status, paused, paused_reason, paused_since, notes)
VALUES (
  '06d1d1b5bd81d786dcda8a5c25', '3b1f6a40fed1f41bee225d109d', 'threads',
  '4975',
  'caliviewbuilders',
  NULL,
  NULL,
  NULL,
  NULL,
  NULL,
  0,
  NULL,
  NULL,
  NULL
);

INSERT OR IGNORE INTO client_platforms
  (id, client_id, platform, account_id, username, page_id,
   upload_post_board_id, upload_post_location_id,
   privacy_level, privacy_status, paused, paused_reason, paused_since, notes)
VALUES (
  '48b56c6c129e67ce1d49872da4', '3b1f6a40fed1f41bee225d109d', 'tiktok',
  '32237',
  'caliviewbuilders26',
  NULL,
  NULL,
  NULL,
  'PUBLIC_TO_EVERYONE',
  NULL,
  0,
  NULL,
  NULL,
  NULL
);

INSERT OR IGNORE INTO client_platforms
  (id, client_id, platform, account_id, username, page_id,
   upload_post_board_id, upload_post_location_id,
   privacy_level, privacy_status, paused, paused_reason, paused_since, notes)
VALUES (
  '35a70a03e7518b3bf53f5f3538', '3b1f6a40fed1f41bee225d109d', 'x',
  '13580',
  'caliviewbs',
  NULL,
  NULL,
  NULL,
  NULL,
  NULL,
  0,
  NULL,
  NULL,
  NULL
);

INSERT OR IGNORE INTO client_platforms
  (id, client_id, platform, account_id, username, page_id,
   upload_post_board_id, upload_post_location_id,
   privacy_level, privacy_status, paused, paused_reason, paused_since, notes)
VALUES (
  '8da5c4177bbd80d7f7466cbf95', '3b1f6a40fed1f41bee225d109d', 'youtube',
  '29234',
  'ori peretz (CALI VIEW BUILDERS)',
  NULL,
  NULL,
  NULL,
  NULL,
  'public',
  0,
  NULL,
  NULL,
  NULL
);

INSERT OR IGNORE INTO client_platforms
  (id, client_id, platform, account_id, username, page_id,
   upload_post_board_id, upload_post_location_id,
   privacy_level, privacy_status, paused, paused_reason, paused_since, notes)
VALUES (
  '0e7efb1d48160185d80508adf', '3b1f6a40fed1f41bee225d109d', 'google_business',
  NULL,
  NULL,
  NULL,
  NULL,
  'locations/9124205453195096075',
  NULL,
  NULL,
  0,
  NULL,
  NULL,
  'Using CALI-VIEW BUILDERS location. Also linked: CV Roofing & Waterproofing (locations/3383264213974237662) — different brand, do not use for main Caliview posts'
);

INSERT OR IGNORE INTO clients
  (id, slug, canonical_name, package, status, owner_group, manual_only,
   requires_approval_from, language, never_mix_with, upload_post_profile,
   wp_domain, wp_url, wp_auth, wp_template, brand_json, notes, created_at, updated_at)
VALUES (
  'b483bb76f13f2e37130acee12e', 'americas-professional-builders', 'America’s Professional Builders Inc',
  'medium', 'active',
  NULL,
  0,
  NULL,
  'en',
  '["elite-team-builders"]',
  'Americas_Professional_Builders',
  'americasprofessionalbuildersinc.com',
  'https://americasprofessionalbuildersinc.com/wp-json/wp/v2',
  'b3BlbmNsYXc6NU5JYXFuRkp1SGlINXJSdFVJd1AwenQz',
  'americas',
  '{"primary_color":"#1e3a5f","accent_color":"#c8a04a","company_name":"America''s Professional Builders","tagline":"Professional Construction You Can Trust","phone":"(818) 401-3808","phone_display":"(818) 401-3808","cta_text":"Call America''s Professional Builders for a free consultation","cta_button_label":"Free Consultation"}',
  'Strict brand separation from Elite Team Builders. 4.9 stars / 7000+ reviews.',
  1775761125, 1775761125
);

INSERT OR IGNORE INTO client_platforms
  (id, client_id, platform, account_id, username, page_id,
   upload_post_board_id, upload_post_location_id,
   privacy_level, privacy_status, paused, paused_reason, paused_since, notes)
VALUES (
  '53acd608bcec2c2b3ace4dc247', 'b483bb76f13f2e37130acee12e', 'bluesky',
  '26630',
  'americaspbuilders.bsky.social',
  NULL,
  NULL,
  NULL,
  NULL,
  NULL,
  0,
  NULL,
  NULL,
  NULL
);

INSERT OR IGNORE INTO client_platforms
  (id, client_id, platform, account_id, username, page_id,
   upload_post_board_id, upload_post_location_id,
   privacy_level, privacy_status, paused, paused_reason, paused_since, notes)
VALUES (
  '0893b733190accd51ee0ee3219', 'b483bb76f13f2e37130acee12e', 'facebook',
  '21249',
  NULL,
  '1044450898746714',
  NULL,
  NULL,
  NULL,
  NULL,
  0,
  NULL,
  NULL,
  NULL
);

INSERT OR IGNORE INTO client_platforms
  (id, client_id, platform, account_id, username, page_id,
   upload_post_board_id, upload_post_location_id,
   privacy_level, privacy_status, paused, paused_reason, paused_since, notes)
VALUES (
  'f139e869f7a7c139bdfaa34b2', 'b483bb76f13f2e37130acee12e', 'instagram',
  '33056',
  'americasprofessionalbuilders',
  NULL,
  NULL,
  NULL,
  NULL,
  NULL,
  0,
  NULL,
  NULL,
  NULL
);

INSERT OR IGNORE INTO client_platforms
  (id, client_id, platform, account_id, username, page_id,
   upload_post_board_id, upload_post_location_id,
   privacy_level, privacy_status, paused, paused_reason, paused_since, notes)
VALUES (
  '5066e4c0cd52c594221903a602', 'b483bb76f13f2e37130acee12e', 'pinterest',
  '4596',
  'americasprofessionalbuilders',
  NULL,
  '1089941616008863671',
  NULL,
  NULL,
  NULL,
  0,
  NULL,
  NULL,
  NULL
);

INSERT OR IGNORE INTO client_platforms
  (id, client_id, platform, account_id, username, page_id,
   upload_post_board_id, upload_post_location_id,
   privacy_level, privacy_status, paused, paused_reason, paused_since, notes)
VALUES (
  'dbb4e9a52050e829a9200d836f', 'b483bb76f13f2e37130acee12e', 'threads',
  '4976',
  'americasprofessionalbuilders',
  NULL,
  NULL,
  NULL,
  NULL,
  NULL,
  0,
  NULL,
  NULL,
  NULL
);

INSERT OR IGNORE INTO client_platforms
  (id, client_id, platform, account_id, username, page_id,
   upload_post_board_id, upload_post_location_id,
   privacy_level, privacy_status, paused, paused_reason, paused_since, notes)
VALUES (
  '3a7672c6b04ba48f2e3e03cbeb', 'b483bb76f13f2e37130acee12e', 'tiktok',
  '32242',
  'americasprofessionalinc',
  NULL,
  NULL,
  NULL,
  'PUBLIC_TO_EVERYONE',
  NULL,
  0,
  NULL,
  NULL,
  NULL
);

INSERT OR IGNORE INTO client_platforms
  (id, client_id, platform, account_id, username, page_id,
   upload_post_board_id, upload_post_location_id,
   privacy_level, privacy_status, paused, paused_reason, paused_since, notes)
VALUES (
  '602248409f6bf73b18fcf82f03', 'b483bb76f13f2e37130acee12e', 'x',
  '13581',
  'AmericasPBInc26',
  NULL,
  NULL,
  NULL,
  NULL,
  NULL,
  0,
  NULL,
  NULL,
  NULL
);

INSERT OR IGNORE INTO client_platforms
  (id, client_id, platform, account_id, username, page_id,
   upload_post_board_id, upload_post_location_id,
   privacy_level, privacy_status, paused, paused_reason, paused_since, notes)
VALUES (
  '71bee4c45a553072b200a48943', 'b483bb76f13f2e37130acee12e', 'linkedin',
  NULL,
  NULL,
  '112642026',
  NULL,
  NULL,
  NULL,
  NULL,
  1,
  'LinkedIn account not linked to Americas_Professional_Builders Upload-Post profile — link shared LinkedIn account at upload-post.com dashboard (same account as Elite_Team_Builders)',
  NULL,
  NULL
);

INSERT OR IGNORE INTO client_platforms
  (id, client_id, platform, account_id, username, page_id,
   upload_post_board_id, upload_post_location_id,
   privacy_level, privacy_status, paused, paused_reason, paused_since, notes)
VALUES (
  '5258da499a4b9b8545fda4f1e6', 'b483bb76f13f2e37130acee12e', 'google_business',
  NULL,
  NULL,
  NULL,
  NULL,
  'NOT_LINKED',
  NULL,
  NULL,
  1,
  'Google Business account not linked in Upload-Post profile Americas_Professional_Builders — connect at upload-post.com dashboard',
  NULL,
  NULL
);

INSERT OR IGNORE INTO clients
  (id, slug, canonical_name, package, status, owner_group, manual_only,
   requires_approval_from, language, never_mix_with, upload_post_profile,
   wp_domain, wp_url, wp_auth, wp_template, brand_json, notes, created_at, updated_at)
VALUES (
  '4158ff56a81fd3616459e3533', 'modern-vision-remodeling', 'Modern Vision Remodeling Experts',
  'medium', 'active',
  NULL,
  0,
  'Lee Harush',
  'en',
  NULL,
  'Modern_Vision',
  NULL,
  NULL,
  NULL,
  NULL,
  NULL,
  'Automation enabled for Facebook, Instagram, Google Business. Lee''s content approval is strongly recommended before setting Ready for Automation in Notion — but is no longer a hard block.',
  1775761125, 1775761125
);

INSERT OR IGNORE INTO client_platforms
  (id, client_id, platform, account_id, username, page_id,
   upload_post_board_id, upload_post_location_id,
   privacy_level, privacy_status, paused, paused_reason, paused_since, notes)
VALUES (
  'e07d472e678c9213d71eeac30a', '4158ff56a81fd3616459e3533', 'facebook',
  '21249',
  NULL,
  '102921882737718',
  NULL,
  NULL,
  NULL,
  NULL,
  0,
  NULL,
  NULL,
  NULL
);

INSERT OR IGNORE INTO client_platforms
  (id, client_id, platform, account_id, username, page_id,
   upload_post_board_id, upload_post_location_id,
   privacy_level, privacy_status, paused, paused_reason, paused_since, notes)
VALUES (
  'f1b2bc61e5d415f13bd1f3831d', '4158ff56a81fd3616459e3533', 'instagram',
  '33974',
  'modern_vision__remodeling',
  NULL,
  NULL,
  NULL,
  NULL,
  NULL,
  0,
  NULL,
  NULL,
  NULL
);

INSERT OR IGNORE INTO client_platforms
  (id, client_id, platform, account_id, username, page_id,
   upload_post_board_id, upload_post_location_id,
   privacy_level, privacy_status, paused, paused_reason, paused_since, notes)
VALUES (
  '248bdd145516562df06328eb7f', '4158ff56a81fd3616459e3533', 'google_business',
  NULL,
  NULL,
  NULL,
  NULL,
  'locations/18011830171106063821',
  NULL,
  NULL,
  0,
  NULL,
  NULL,
  'Modern Vision Remodeling Experts'
);

INSERT OR IGNORE INTO clients
  (id, slug, canonical_name, package, status, owner_group, manual_only,
   requires_approval_from, language, never_mix_with, upload_post_profile,
   wp_domain, wp_url, wp_auth, wp_template, brand_json, notes, created_at, updated_at)
VALUES (
  'c5fd0d0753ea2fb8cf2b95d545', 'golden-touch-roofing', 'Golden Touch Roofing',
  'medium', 'active',
  NULL,
  0,
  NULL,
  'en',
  NULL,
  'Golden_Touch_Roofing',
  NULL,
  NULL,
  NULL,
  NULL,
  NULL,
  'Bilingual EN/ES. LGBTQ-friendly. Google Guaranteed. No posts on Saturday.',
  1775761125, 1775761125
);

INSERT OR IGNORE INTO client_platforms
  (id, client_id, platform, account_id, username, page_id,
   upload_post_board_id, upload_post_location_id,
   privacy_level, privacy_status, paused, paused_reason, paused_since, notes)
VALUES (
  'd5994fd7d15ed7d96d2a706f1e', 'c5fd0d0753ea2fb8cf2b95d545', 'bluesky',
  '27811',
  'goldentouchroofing.bsky.social',
  NULL,
  NULL,
  NULL,
  NULL,
  NULL,
  0,
  NULL,
  NULL,
  NULL
);

INSERT OR IGNORE INTO client_platforms
  (id, client_id, platform, account_id, username, page_id,
   upload_post_board_id, upload_post_location_id,
   privacy_level, privacy_status, paused, paused_reason, paused_since, notes)
VALUES (
  'f07b9eb0e8afb31a061789ad74', 'c5fd0d0753ea2fb8cf2b95d545', 'facebook',
  '21249',
  NULL,
  '631603223366401',
  NULL,
  NULL,
  NULL,
  NULL,
  0,
  NULL,
  NULL,
  NULL
);

INSERT OR IGNORE INTO client_platforms
  (id, client_id, platform, account_id, username, page_id,
   upload_post_board_id, upload_post_location_id,
   privacy_level, privacy_status, paused, paused_reason, paused_since, notes)
VALUES (
  '46aee50eeaf4406474ae293ea', 'c5fd0d0753ea2fb8cf2b95d545', 'instagram',
  '33071',
  'goldentouch_roofing',
  NULL,
  NULL,
  NULL,
  NULL,
  NULL,
  0,
  NULL,
  NULL,
  NULL
);

INSERT OR IGNORE INTO client_platforms
  (id, client_id, platform, account_id, username, page_id,
   upload_post_board_id, upload_post_location_id,
   privacy_level, privacy_status, paused, paused_reason, paused_since, notes)
VALUES (
  '95234fab9580653a5278182d6b', 'c5fd0d0753ea2fb8cf2b95d545', 'pinterest',
  '4725',
  'goldentouchroofing',
  NULL,
  'NOT_LINKED',
  NULL,
  NULL,
  NULL,
  1,
  'Pinterest account not linked in Upload-Post profile — connect at upload-post.com dashboard then re-run GET /api/uploadposts/pinterest/boards?profile=Golden_Touch_Roofing',
  NULL,
  NULL
);

INSERT OR IGNORE INTO client_platforms
  (id, client_id, platform, account_id, username, page_id,
   upload_post_board_id, upload_post_location_id,
   privacy_level, privacy_status, paused, paused_reason, paused_since, notes)
VALUES (
  '09bf9b9e7321caf749deadc19f', 'c5fd0d0753ea2fb8cf2b95d545', 'threads',
  '5108',
  'goldentouch_roofing',
  NULL,
  NULL,
  NULL,
  NULL,
  NULL,
  0,
  NULL,
  NULL,
  NULL
);

INSERT OR IGNORE INTO client_platforms
  (id, client_id, platform, account_id, username, page_id,
   upload_post_board_id, upload_post_location_id,
   privacy_level, privacy_status, paused, paused_reason, paused_since, notes)
VALUES (
  'b2db9428218220eacf62607e23', 'c5fd0d0753ea2fb8cf2b95d545', 'x',
  '14002',
  'GoldenTouchRoof',
  NULL,
  NULL,
  NULL,
  NULL,
  NULL,
  0,
  NULL,
  NULL,
  NULL
);

INSERT OR IGNORE INTO client_platforms
  (id, client_id, platform, account_id, username, page_id,
   upload_post_board_id, upload_post_location_id,
   privacy_level, privacy_status, paused, paused_reason, paused_since, notes)
VALUES (
  '01ed1f7b3446918aae02fd61da', 'c5fd0d0753ea2fb8cf2b95d545', 'youtube',
  '28642',
  'Goldentouchroofing',
  NULL,
  NULL,
  NULL,
  NULL,
  'public',
  0,
  NULL,
  NULL,
  NULL
);

INSERT OR IGNORE INTO client_platforms
  (id, client_id, platform, account_id, username, page_id,
   upload_post_board_id, upload_post_location_id,
   privacy_level, privacy_status, paused, paused_reason, paused_since, notes)
VALUES (
  '0aa63e27c39ba6ea750f9570fe', 'c5fd0d0753ea2fb8cf2b95d545', 'linkedin',
  NULL,
  NULL,
  '112635151',
  NULL,
  NULL,
  NULL,
  NULL,
  0,
  NULL,
  NULL,
  NULL
);

INSERT OR IGNORE INTO client_platforms
  (id, client_id, platform, account_id, username, page_id,
   upload_post_board_id, upload_post_location_id,
   privacy_level, privacy_status, paused, paused_reason, paused_since, notes)
VALUES (
  'aa80cd9d0322b448c67015730b', 'c5fd0d0753ea2fb8cf2b95d545', 'google_business',
  NULL,
  NULL,
  NULL,
  NULL,
  'NOT_LINKED',
  NULL,
  NULL,
  1,
  'GBP not linked in Upload-Post profile Golden_Touch_Roofing — connect at upload-post.com dashboard',
  NULL,
  NULL
);

INSERT OR IGNORE INTO clients
  (id, slug, canonical_name, package, status, owner_group, manual_only,
   requires_approval_from, language, never_mix_with, upload_post_profile,
   wp_domain, wp_url, wp_auth, wp_template, brand_json, notes, created_at, updated_at)
VALUES (
  'bacafaa98c4e41a24abc8c492d', 'exceptional-home-builders-nw', 'Exceptional Home Builders NW',
  'medium', 'active',
  NULL,
  0,
  NULL,
  'en',
  NULL,
  'PENDING_SETUP',
  NULL,
  NULL,
  NULL,
  NULL,
  NULL,
  'Use page 903212596218298 (Exceptional Home Builders NW). Page 193599287181114 (''Exceptional Home Builders'') is a different/older page — do not use until Marvin clarifies.',
  1775761125, 1775761125
);

INSERT OR IGNORE INTO client_platforms
  (id, client_id, platform, account_id, username, page_id,
   upload_post_board_id, upload_post_location_id,
   privacy_level, privacy_status, paused, paused_reason, paused_since, notes)
VALUES (
  'ab89fe16cffeb9ef0c1084026', 'bacafaa98c4e41a24abc8c492d', 'facebook',
  '21249',
  NULL,
  '903212596218298',
  NULL,
  NULL,
  NULL,
  NULL,
  0,
  NULL,
  NULL,
  NULL
);

INSERT OR IGNORE INTO client_platforms
  (id, client_id, platform, account_id, username, page_id,
   upload_post_board_id, upload_post_location_id,
   privacy_level, privacy_status, paused, paused_reason, paused_since, notes)
VALUES (
  '2d0ca27ed4b2c0ef56d342d124', 'bacafaa98c4e41a24abc8c492d', 'instagram',
  '33057',
  'exceptionalhomebuildersnw',
  NULL,
  NULL,
  NULL,
  NULL,
  NULL,
  0,
  NULL,
  NULL,
  NULL
);

INSERT OR IGNORE INTO clients
  (id, slug, canonical_name, package, status, owner_group, manual_only,
   requires_approval_from, language, never_mix_with, upload_post_profile,
   wp_domain, wp_url, wp_auth, wp_template, brand_json, notes, created_at, updated_at)
VALUES (
  '3db00e3c93a11fb3d8b90f1e26', 'silver-roofing', 'Silver Roofing Specialist',
  'medium', 'active',
  NULL,
  0,
  NULL,
  'en',
  NULL,
  'PENDING_SETUP',
  NULL,
  NULL,
  NULL,
  NULL,
  NULL,
  'INACTIVE in Notion as of 2026-03-31. Instagram paused since Feb 2026. Women-owned. Bilingual EN/ES.',
  1775761125, 1775761125
);

INSERT OR IGNORE INTO client_platforms
  (id, client_id, platform, account_id, username, page_id,
   upload_post_board_id, upload_post_location_id,
   privacy_level, privacy_status, paused, paused_reason, paused_since, notes)
VALUES (
  '4037830d74cbb6d9ff3ad2b4d4', '3db00e3c93a11fb3d8b90f1e26', 'instagram',
  '33064',
  'silverstoneremodelinginc',
  NULL,
  NULL,
  NULL,
  NULL,
  NULL,
  1,
  NULL,
  '2026-02',
  NULL
);

INSERT OR IGNORE INTO clients
  (id, slug, canonical_name, package, status, owner_group, manual_only,
   requires_approval_from, language, never_mix_with, upload_post_profile,
   wp_domain, wp_url, wp_auth, wp_template, brand_json, notes, created_at, updated_at)
VALUES (
  '7fc700a4decd97d2c54dee95dc', '247-lockout-locksmith', '24/7 Lockout Locksmith',
  'medium', 'active',
  'gabriel-algrably',
  0,
  NULL,
  'en',
  NULL,
  '24_7_Lockout',
  '247lockoutpasadena.com',
  'https://247lockoutpasadena.com/wp-json/wp/v2',
  'b3BlbmNsYXc6R1kwc052TmRFRDBLd0V5VWNEbFVCemRh',
  'locksmith',
  '{"primary_color":"#1a1a2e","accent_color":"#e53e3e","company_name":"24/7 Lockout Locksmith Services","tagline":"Fast & Reliable — Available 24/7","phone":"818-984-4333","phone_display":"(818) 984-4333","cta_text":"Call 24/7 Lockout Locksmith — We respond in minutes","cta_button_label":"Call Now — 24/7"}',
  'Gabriel Algrably client. NEVER mention forbidden terms. Google Guaranteed.',
  1775761125, 1775761125
);

INSERT OR IGNORE INTO client_restrictions (client_id, term) VALUES ('7fc700a4decd97d2c54dee95dc', 'car key fob');
INSERT OR IGNORE INTO client_restrictions (client_id, term) VALUES ('7fc700a4decd97d2c54dee95dc', 'key fob');
INSERT OR IGNORE INTO client_restrictions (client_id, term) VALUES ('7fc700a4decd97d2c54dee95dc', 'duplicate key');
INSERT OR IGNORE INTO client_restrictions (client_id, term) VALUES ('7fc700a4decd97d2c54dee95dc', 'duplicate keys');
INSERT OR IGNORE INTO client_restrictions (client_id, term) VALUES ('7fc700a4decd97d2c54dee95dc', 'car key programming');
INSERT OR IGNORE INTO client_restrictions (client_id, term) VALUES ('7fc700a4decd97d2c54dee95dc', 'key programming');

INSERT OR IGNORE INTO client_platforms
  (id, client_id, platform, account_id, username, page_id,
   upload_post_board_id, upload_post_location_id,
   privacy_level, privacy_status, paused, paused_reason, paused_since, notes)
VALUES (
  'ca0d9391cd8d67743da0ab429', '7fc700a4decd97d2c54dee95dc', 'bluesky',
  '26851',
  '247lockout.bsky.social',
  NULL,
  NULL,
  NULL,
  NULL,
  NULL,
  0,
  NULL,
  NULL,
  NULL
);

INSERT OR IGNORE INTO client_platforms
  (id, client_id, platform, account_id, username, page_id,
   upload_post_board_id, upload_post_location_id,
   privacy_level, privacy_status, paused, paused_reason, paused_since, notes)
VALUES (
  '53cd7dfd690ad405454e9da1df', '7fc700a4decd97d2c54dee95dc', 'facebook',
  '21249',
  NULL,
  '607402882449629',
  NULL,
  NULL,
  NULL,
  NULL,
  0,
  NULL,
  NULL,
  NULL
);

INSERT OR IGNORE INTO client_platforms
  (id, client_id, platform, account_id, username, page_id,
   upload_post_board_id, upload_post_location_id,
   privacy_level, privacy_status, paused, paused_reason, paused_since, notes)
VALUES (
  'f56713cdfc66ab7da23c9d7f7', '7fc700a4decd97d2c54dee95dc', 'instagram',
  '33061',
  '247lockoutlocksmithservices',
  NULL,
  NULL,
  NULL,
  NULL,
  NULL,
  0,
  NULL,
  NULL,
  NULL
);

INSERT OR IGNORE INTO client_platforms
  (id, client_id, platform, account_id, username, page_id,
   upload_post_board_id, upload_post_location_id,
   privacy_level, privacy_status, paused, paused_reason, paused_since, notes)
VALUES (
  '945b9394821a8b5bf2915320e1', '7fc700a4decd97d2c54dee95dc', 'pinterest',
  '4617',
  '247lockouttec',
  NULL,
  '871094821616009645',
  NULL,
  NULL,
  NULL,
  0,
  NULL,
  NULL,
  NULL
);

INSERT OR IGNORE INTO client_platforms
  (id, client_id, platform, account_id, username, page_id,
   upload_post_board_id, upload_post_location_id,
   privacy_level, privacy_status, paused, paused_reason, paused_since, notes)
VALUES (
  '6a031297cf719fe2cd8432118', '7fc700a4decd97d2c54dee95dc', 'threads',
  '4997',
  '247lockoutlocksmithservices',
  NULL,
  NULL,
  NULL,
  NULL,
  NULL,
  0,
  NULL,
  NULL,
  NULL
);

INSERT OR IGNORE INTO client_platforms
  (id, client_id, platform, account_id, username, page_id,
   upload_post_board_id, upload_post_location_id,
   privacy_level, privacy_status, paused, paused_reason, paused_since, notes)
VALUES (
  '9cf29011ba21dc9deb15601909', '7fc700a4decd97d2c54dee95dc', 'tiktok',
  '32359',
  '247lockoutlocksmith',
  NULL,
  NULL,
  NULL,
  'PUBLIC_TO_EVERYONE',
  NULL,
  0,
  NULL,
  NULL,
  NULL
);

INSERT OR IGNORE INTO client_platforms
  (id, client_id, platform, account_id, username, page_id,
   upload_post_board_id, upload_post_location_id,
   privacy_level, privacy_status, paused, paused_reason, paused_since, notes)
VALUES (
  '9857bd9af76cf4bec6634ca843', '7fc700a4decd97d2c54dee95dc', 'x',
  '13651',
  '7Lockout82535',
  NULL,
  NULL,
  NULL,
  NULL,
  NULL,
  1,
  'Twitter account suspended — skip all posts until restored',
  NULL,
  NULL
);

INSERT OR IGNORE INTO client_platforms
  (id, client_id, platform, account_id, username, page_id,
   upload_post_board_id, upload_post_location_id,
   privacy_level, privacy_status, paused, paused_reason, paused_since, notes)
VALUES (
  '92425283f3c1c3f4621cdd0f31', '7fc700a4decd97d2c54dee95dc', 'youtube',
  '29335',
  'Daniel Algrably (247 Lockout Locksmith)',
  NULL,
  NULL,
  NULL,
  NULL,
  'public',
  0,
  NULL,
  NULL,
  NULL
);

INSERT OR IGNORE INTO client_platforms
  (id, client_id, platform, account_id, username, page_id,
   upload_post_board_id, upload_post_location_id,
   privacy_level, privacy_status, paused, paused_reason, paused_since, notes)
VALUES (
  '99fec869f5db59e7ac07184f55', '7fc700a4decd97d2c54dee95dc', 'google_business',
  NULL,
  NULL,
  NULL,
  NULL,
  'locations/105295919997970852',
  NULL,
  NULL,
  0,
  NULL,
  NULL,
  '24/7 Lockout Locksmith verified'
);

INSERT OR IGNORE INTO clients
  (id, slug, canonical_name, package, status, owner_group, manual_only,
   requires_approval_from, language, never_mix_with, upload_post_profile,
   wp_domain, wp_url, wp_auth, wp_template, brand_json, notes, created_at, updated_at)
VALUES (
  '43b91373c0f681be36120a886e', '724-locksmith', '7/24 Locksmith Services',
  'medium', 'active',
  'gabriel-algrably',
  0,
  NULL,
  'en',
  NULL,
  '7_24_Locksmith',
  '724locksmithca.com',
  'https://724locksmithca.com/wp-json/wp/v2',
  'b3BlbmNsYXc6U3ZOeEM4ejJZUFhTZ2k0djNMeWQ4TEJ0',
  'locksmith',
  '{"primary_color":"#1a1a2e","accent_color":"#e53e3e","company_name":"7/24 Locksmith Services","tagline":"Professional Locksmith — Around the Clock","phone":"323-346-7344","phone_display":"(323) 346-7344","cta_text":"Call 7/24 Locksmith Services — Fast Response, Fair Prices","cta_button_label":"Call Now"}',
  'Gabriel Algrably client. NEVER mention forbidden terms.',
  1775761125, 1775761125
);

INSERT OR IGNORE INTO client_restrictions (client_id, term) VALUES ('43b91373c0f681be36120a886e', 'car key fob');
INSERT OR IGNORE INTO client_restrictions (client_id, term) VALUES ('43b91373c0f681be36120a886e', 'key fob');
INSERT OR IGNORE INTO client_restrictions (client_id, term) VALUES ('43b91373c0f681be36120a886e', 'duplicate key');
INSERT OR IGNORE INTO client_restrictions (client_id, term) VALUES ('43b91373c0f681be36120a886e', 'duplicate keys');
INSERT OR IGNORE INTO client_restrictions (client_id, term) VALUES ('43b91373c0f681be36120a886e', 'car key programming');
INSERT OR IGNORE INTO client_restrictions (client_id, term) VALUES ('43b91373c0f681be36120a886e', 'key programming');

INSERT OR IGNORE INTO client_platforms
  (id, client_id, platform, account_id, username, page_id,
   upload_post_board_id, upload_post_location_id,
   privacy_level, privacy_status, paused, paused_reason, paused_since, notes)
VALUES (
  '7874d4405d1477efa3a3adb7d1', '43b91373c0f681be36120a886e', 'bluesky',
  '26862',
  '724locksmith.bsky.social',
  NULL,
  NULL,
  NULL,
  NULL,
  NULL,
  0,
  NULL,
  NULL,
  NULL
);

INSERT OR IGNORE INTO client_platforms
  (id, client_id, platform, account_id, username, page_id,
   upload_post_board_id, upload_post_location_id,
   privacy_level, privacy_status, paused, paused_reason, paused_since, notes)
VALUES (
  '264316419bf6c1791ac9e51596', '43b91373c0f681be36120a886e', 'facebook',
  '21249',
  NULL,
  '505255852666324',
  NULL,
  NULL,
  NULL,
  NULL,
  0,
  NULL,
  NULL,
  NULL
);

INSERT OR IGNORE INTO client_platforms
  (id, client_id, platform, account_id, username, page_id,
   upload_post_board_id, upload_post_location_id,
   privacy_level, privacy_status, paused, paused_reason, paused_since, notes)
VALUES (
  '67998cac965d35f0da05e0b70e', '43b91373c0f681be36120a886e', 'instagram',
  '34119',
  '247locksmithservices',
  NULL,
  NULL,
  NULL,
  NULL,
  NULL,
  0,
  NULL,
  NULL,
  NULL
);

INSERT OR IGNORE INTO client_platforms
  (id, client_id, platform, account_id, username, page_id,
   upload_post_board_id, upload_post_location_id,
   privacy_level, privacy_status, paused, paused_reason, paused_since, notes)
VALUES (
  'f572399bcc1261d1a0b6ecb8f5', '43b91373c0f681be36120a886e', 'threads',
  '5001',
  '247locksmithservices',
  NULL,
  NULL,
  NULL,
  NULL,
  NULL,
  0,
  NULL,
  NULL,
  NULL
);

INSERT OR IGNORE INTO client_platforms
  (id, client_id, platform, account_id, username, page_id,
   upload_post_board_id, upload_post_location_id,
   privacy_level, privacy_status, paused, paused_reason, paused_since, notes)
VALUES (
  'bf6478ae187cda304e002f585a', '43b91373c0f681be36120a886e', 'tiktok',
  '32374',
  'gabialgrably',
  NULL,
  NULL,
  NULL,
  'PUBLIC_TO_EVERYONE',
  NULL,
  0,
  NULL,
  NULL,
  NULL
);

INSERT OR IGNORE INTO client_platforms
  (id, client_id, platform, account_id, username, page_id,
   upload_post_board_id, upload_post_location_id,
   privacy_level, privacy_status, paused, paused_reason, paused_since, notes)
VALUES (
  '97c55b174b9b486e7d1644ce06', '43b91373c0f681be36120a886e', 'x',
  '13656',
  '724_locksmith',
  NULL,
  NULL,
  NULL,
  NULL,
  NULL,
  1,
  'Twitter account suspended — skip all posts until restored',
  NULL,
  NULL
);

INSERT OR IGNORE INTO client_platforms
  (id, client_id, platform, account_id, username, page_id,
   upload_post_board_id, upload_post_location_id,
   privacy_level, privacy_status, paused, paused_reason, paused_since, notes)
VALUES (
  'd29bf58772ee8f31b0d4ece074', '43b91373c0f681be36120a886e', 'youtube',
  '29350',
  'Gabi Algrably (7/24 Locksmith)',
  NULL,
  NULL,
  NULL,
  NULL,
  'public',
  0,
  NULL,
  NULL,
  NULL
);

INSERT OR IGNORE INTO client_platforms
  (id, client_id, platform, account_id, username, page_id,
   upload_post_board_id, upload_post_location_id,
   privacy_level, privacy_status, paused, paused_reason, paused_since, notes)
VALUES (
  '3fc3703c87301a62a6ad5e4e38', '43b91373c0f681be36120a886e', 'google_business',
  NULL,
  NULL,
  NULL,
  NULL,
  'locations/6092571096858603058',
  NULL,
  NULL,
  0,
  NULL,
  NULL,
  '7/24 locksmith verified'
);

INSERT OR IGNORE INTO clients
  (id, slug, canonical_name, package, status, owner_group, manual_only,
   requires_approval_from, language, never_mix_with, upload_post_profile,
   wp_domain, wp_url, wp_auth, wp_template, brand_json, notes, created_at, updated_at)
VALUES (
  '4030bfb3b3d36071770cd7a2e', 'unlockd-pros', 'Unlock´D Pros',
  'medium', 'active',
  'gabriel-algrably',
  0,
  NULL,
  'en',
  NULL,
  'UnlockD_Pros',
  'unlockedpros.com',
  'https://unlockedpros.com/wp-json/wp/v2',
  'b3BlbmNsYXc6WUVzdVRyMFlQVnROTmxnRHFWUmlhVW10',
  'locksmith',
  '{"primary_color":"#0f172a","accent_color":"#3b82f6","company_name":"Unlock''D Pros","tagline":"Your Trusted Local Locksmith","phone":"818-392-6390","phone_display":"(818) 392-6390","cta_text":"Call Unlock''D Pros for immediate locksmith service","cta_button_label":"Call Now"}',
  'Gabriel Algrably client. NEVER mention forbidden terms. BSIS licensed.',
  1775761125, 1775761125
);

INSERT OR IGNORE INTO client_restrictions (client_id, term) VALUES ('4030bfb3b3d36071770cd7a2e', 'car key fob');
INSERT OR IGNORE INTO client_restrictions (client_id, term) VALUES ('4030bfb3b3d36071770cd7a2e', 'key fob');
INSERT OR IGNORE INTO client_restrictions (client_id, term) VALUES ('4030bfb3b3d36071770cd7a2e', 'duplicate key');
INSERT OR IGNORE INTO client_restrictions (client_id, term) VALUES ('4030bfb3b3d36071770cd7a2e', 'duplicate keys');
INSERT OR IGNORE INTO client_restrictions (client_id, term) VALUES ('4030bfb3b3d36071770cd7a2e', 'car key programming');
INSERT OR IGNORE INTO client_restrictions (client_id, term) VALUES ('4030bfb3b3d36071770cd7a2e', 'key programming');

INSERT OR IGNORE INTO client_platforms
  (id, client_id, platform, account_id, username, page_id,
   upload_post_board_id, upload_post_location_id,
   privacy_level, privacy_status, paused, paused_reason, paused_since, notes)
VALUES (
  '99dc6f733b6feed806c285a114', '4030bfb3b3d36071770cd7a2e', 'bluesky',
  '27478',
  'unlockdpros.bsky.social',
  NULL,
  NULL,
  NULL,
  NULL,
  NULL,
  0,
  NULL,
  NULL,
  NULL
);

INSERT OR IGNORE INTO client_platforms
  (id, client_id, platform, account_id, username, page_id,
   upload_post_board_id, upload_post_location_id,
   privacy_level, privacy_status, paused, paused_reason, paused_since, notes)
VALUES (
  '7b81581fbac2a4fad37b358913', '4030bfb3b3d36071770cd7a2e', 'facebook',
  '21249',
  NULL,
  '966214523248894',
  NULL,
  NULL,
  NULL,
  NULL,
  0,
  NULL,
  NULL,
  NULL
);

INSERT OR IGNORE INTO client_platforms
  (id, client_id, platform, account_id, username, page_id,
   upload_post_board_id, upload_post_location_id,
   privacy_level, privacy_status, paused, paused_reason, paused_since, notes)
VALUES (
  '585910d8eacae5a77429b06dc3', '4030bfb3b3d36071770cd7a2e', 'instagram',
  '34615',
  'unlockdpros',
  NULL,
  NULL,
  NULL,
  NULL,
  NULL,
  0,
  NULL,
  NULL,
  NULL
);

INSERT OR IGNORE INTO client_platforms
  (id, client_id, platform, account_id, username, page_id,
   upload_post_board_id, upload_post_location_id,
   privacy_level, privacy_status, paused, paused_reason, paused_since, notes)
VALUES (
  '770820ea4ce75f659d9b64d5ac', '4030bfb3b3d36071770cd7a2e', 'linkedin',
  '12712',
  NULL,
  '111968679',
  NULL,
  NULL,
  NULL,
  NULL,
  0,
  NULL,
  NULL,
  'LinkedIn not linked to UnlockD_Pros Upload-Post profile — link shared LinkedIn account at upload-post.com (same account as Elite_Team_Builders) to enable automated LinkedIn posting'
);

INSERT OR IGNORE INTO client_platforms
  (id, client_id, platform, account_id, username, page_id,
   upload_post_board_id, upload_post_location_id,
   privacy_level, privacy_status, paused, paused_reason, paused_since, notes)
VALUES (
  'b140ee6022af52af42edbda755', '4030bfb3b3d36071770cd7a2e', 'pinterest',
  '4678',
  '1unlockedpros',
  NULL,
  '1108659701960207379',
  NULL,
  NULL,
  NULL,
  0,
  NULL,
  NULL,
  NULL
);

INSERT OR IGNORE INTO client_platforms
  (id, client_id, platform, account_id, username, page_id,
   upload_post_board_id, upload_post_location_id,
   privacy_level, privacy_status, paused, paused_reason, paused_since, notes)
VALUES (
  '21e73f74a764363a2f0d163c9f', '4030bfb3b3d36071770cd7a2e', 'threads',
  '5060',
  'unlockdpros',
  NULL,
  NULL,
  NULL,
  NULL,
  NULL,
  0,
  NULL,
  NULL,
  NULL
);

INSERT OR IGNORE INTO client_platforms
  (id, client_id, platform, account_id, username, page_id,
   upload_post_board_id, upload_post_location_id,
   privacy_level, privacy_status, paused, paused_reason, paused_since, notes)
VALUES (
  '8bf1019369de18acefcc53af31', '4030bfb3b3d36071770cd7a2e', 'tiktok',
  '33101',
  'unlockdpros',
  NULL,
  NULL,
  NULL,
  'PUBLIC_TO_EVERYONE',
  NULL,
  0,
  NULL,
  NULL,
  NULL
);

INSERT OR IGNORE INTO client_platforms
  (id, client_id, platform, account_id, username, page_id,
   upload_post_board_id, upload_post_location_id,
   privacy_level, privacy_status, paused, paused_reason, paused_since, notes)
VALUES (
  '1b71ce349c67b57ad038c24f34', '4030bfb3b3d36071770cd7a2e', 'x',
  '14005',
  'UnlockDPros',
  NULL,
  NULL,
  NULL,
  NULL,
  NULL,
  1,
  'Twitter account suspended — skip all posts until restored',
  NULL,
  NULL
);

INSERT OR IGNORE INTO client_platforms
  (id, client_id, platform, account_id, username, page_id,
   upload_post_board_id, upload_post_location_id,
   privacy_level, privacy_status, paused, paused_reason, paused_since, notes)
VALUES (
  'ccfbb1004eb5837e66f5961209', '4030bfb3b3d36071770cd7a2e', 'youtube',
  '29831',
  'Gabriel Algrably (Unlock´D Pros)',
  NULL,
  NULL,
  NULL,
  NULL,
  'public',
  0,
  NULL,
  NULL,
  NULL
);

INSERT OR IGNORE INTO client_platforms
  (id, client_id, platform, account_id, username, page_id,
   upload_post_board_id, upload_post_location_id,
   privacy_level, privacy_status, paused, paused_reason, paused_since, notes)
VALUES (
  'e465523ef1e3c8f58b8b9b7d84', '4030bfb3b3d36071770cd7a2e', 'google_business',
  NULL,
  NULL,
  NULL,
  NULL,
  'locations/5300424169079943677',
  NULL,
  NULL,
  0,
  NULL,
  NULL,
  '3 locations found (all Unlock´D Pros). Using first. Others: locations/10936485119540986625, locations/12106510679330317066'
);

INSERT OR IGNORE INTO clients
  (id, slug, canonical_name, package, status, owner_group, manual_only,
   requires_approval_from, language, never_mix_with, upload_post_profile,
   wp_domain, wp_url, wp_auth, wp_template, brand_json, notes, created_at, updated_at)
VALUES (
  'd3595b70c90898a7431acebf8a', 'daniels-locks-key', 'Daniel''s Locks & Key',
  'medium', 'active',
  'gabriel-algrably',
  0,
  NULL,
  'en',
  NULL,
  'Daniels_Locks_Key',
  'danielslockkey.com',
  'https://danielslockkey.com/wp-json/wp/v2',
  'b3BlbmNsYXc6QjhJOHBiNEpGcjE0Z0R0dEtDQ25ZZ0xj',
  'locksmith',
  '{"primary_color":"#1a2e44","accent_color":"#f59e0b","company_name":"Daniel''s Lock & Key Service","tagline":"Expert Locksmith Services You Can Trust","phone":"310-600-2849","phone_display":"(310) 600-2849","cta_text":"Call Daniel''s Lock & Key for professional locksmith service","cta_button_label":"Call Now"}',
  'Gabriel Algrably client. NEVER mention forbidden terms. Owner-operated. Non-destructive entry differentiator.',
  1775761125, 1775761125
);

INSERT OR IGNORE INTO client_restrictions (client_id, term) VALUES ('d3595b70c90898a7431acebf8a', 'car key fob');
INSERT OR IGNORE INTO client_restrictions (client_id, term) VALUES ('d3595b70c90898a7431acebf8a', 'key fob');
INSERT OR IGNORE INTO client_restrictions (client_id, term) VALUES ('d3595b70c90898a7431acebf8a', 'duplicate key');
INSERT OR IGNORE INTO client_restrictions (client_id, term) VALUES ('d3595b70c90898a7431acebf8a', 'duplicate keys');
INSERT OR IGNORE INTO client_restrictions (client_id, term) VALUES ('d3595b70c90898a7431acebf8a', 'car key programming');
INSERT OR IGNORE INTO client_restrictions (client_id, term) VALUES ('d3595b70c90898a7431acebf8a', 'key programming');

INSERT OR IGNORE INTO client_platforms
  (id, client_id, platform, account_id, username, page_id,
   upload_post_board_id, upload_post_location_id,
   privacy_level, privacy_status, paused, paused_reason, paused_since, notes)
VALUES (
  '79fd2241a0c8500735be7f463a', 'd3595b70c90898a7431acebf8a', 'bluesky',
  '27463',
  'danielslockkey.bsky.social',
  NULL,
  NULL,
  NULL,
  NULL,
  NULL,
  0,
  NULL,
  NULL,
  NULL
);

INSERT OR IGNORE INTO client_platforms
  (id, client_id, platform, account_id, username, page_id,
   upload_post_board_id, upload_post_location_id,
   privacy_level, privacy_status, paused, paused_reason, paused_since, notes)
VALUES (
  'a6f963beee4db32691d29c6ec3', 'd3595b70c90898a7431acebf8a', 'facebook',
  '21249',
  NULL,
  '972987222574766',
  NULL,
  NULL,
  NULL,
  NULL,
  0,
  NULL,
  NULL,
  NULL
);

INSERT OR IGNORE INTO client_platforms
  (id, client_id, platform, account_id, username, page_id,
   upload_post_board_id, upload_post_location_id,
   privacy_level, privacy_status, paused, paused_reason, paused_since, notes)
VALUES (
  '3b20335f600f105fd2a1968018', 'd3595b70c90898a7431acebf8a', 'instagram',
  '34596',
  'danielslock_keyservice',
  NULL,
  NULL,
  NULL,
  NULL,
  NULL,
  0,
  NULL,
  NULL,
  NULL
);

INSERT OR IGNORE INTO client_platforms
  (id, client_id, platform, account_id, username, page_id,
   upload_post_board_id, upload_post_location_id,
   privacy_level, privacy_status, paused, paused_reason, paused_since, notes)
VALUES (
  '11962e5e9650e5068fe8807e1f', 'd3595b70c90898a7431acebf8a', 'pinterest',
  '4677',
  'danielslocknkeys',
  NULL,
  '1102115408751684179',
  NULL,
  NULL,
  NULL,
  0,
  NULL,
  NULL,
  NULL
);

INSERT OR IGNORE INTO client_platforms
  (id, client_id, platform, account_id, username, page_id,
   upload_post_board_id, upload_post_location_id,
   privacy_level, privacy_status, paused, paused_reason, paused_since, notes)
VALUES (
  '4d49f8196e104af5b8b64f506e', 'd3595b70c90898a7431acebf8a', 'threads',
  '5059',
  'danielslock_keyservice',
  NULL,
  NULL,
  NULL,
  NULL,
  NULL,
  0,
  NULL,
  NULL,
  NULL
);

INSERT OR IGNORE INTO client_platforms
  (id, client_id, platform, account_id, username, page_id,
   upload_post_board_id, upload_post_location_id,
   privacy_level, privacy_status, paused, paused_reason, paused_since, notes)
VALUES (
  '3b0befb233dbd588b8199b75ed', 'd3595b70c90898a7431acebf8a', 'tiktok',
  '33102',
  'danielslockandkeys',
  NULL,
  NULL,
  NULL,
  'PUBLIC_TO_EVERYONE',
  NULL,
  0,
  NULL,
  NULL,
  NULL
);

INSERT OR IGNORE INTO client_platforms
  (id, client_id, platform, account_id, username, page_id,
   upload_post_board_id, upload_post_location_id,
   privacy_level, privacy_status, paused, paused_reason, paused_since, notes)
VALUES (
  '77811228029ba65e44e95dd957', 'd3595b70c90898a7431acebf8a', 'x',
  '14004',
  'danielslockkeys',
  NULL,
  NULL,
  NULL,
  NULL,
  NULL,
  1,
  'Twitter account suspended — skip all posts until restored',
  NULL,
  NULL
);

INSERT OR IGNORE INTO client_platforms
  (id, client_id, platform, account_id, username, page_id,
   upload_post_board_id, upload_post_location_id,
   privacy_level, privacy_status, paused, paused_reason, paused_since, notes)
VALUES (
  '4504beaec3d6760f1c0802241b', 'd3595b70c90898a7431acebf8a', 'youtube',
  '29832',
  'Daniel ben Algrably (Daniel''s Lock & Keys)',
  NULL,
  NULL,
  NULL,
  NULL,
  'public',
  0,
  NULL,
  NULL,
  NULL
);

INSERT OR IGNORE INTO client_platforms
  (id, client_id, platform, account_id, username, page_id,
   upload_post_board_id, upload_post_location_id,
   privacy_level, privacy_status, paused, paused_reason, paused_since, notes)
VALUES (
  '37d3ac244d81d07399ca037b73', 'd3595b70c90898a7431acebf8a', 'google_business',
  NULL,
  NULL,
  NULL,
  NULL,
  'locations/10998256148076131722',
  NULL,
  NULL,
  0,
  NULL,
  NULL,
  'Daniel''s Lock & Key Service — verified 2026-04-08'
);

INSERT OR IGNORE INTO clients
  (id, slug, canonical_name, package, status, owner_group, manual_only,
   requires_approval_from, language, never_mix_with, upload_post_profile,
   wp_domain, wp_url, wp_auth, wp_template, brand_json, notes, created_at, updated_at)
VALUES (
  '2ee8fc3c05a9999debb601f9e3', 'best-garage-door', 'Best Garage Door & Repair CA',
  'medium', 'active',
  NULL,
  0,
  NULL,
  'en',
  NULL,
  'PENDING_SETUP',
  NULL,
  NULL,
  NULL,
  NULL,
  NULL,
  'INACTIVE in Notion as of 2026-03-31. Post Mon-Fri only. AER Garage Door in Blotato.',
  1775761125, 1775761125
);

INSERT OR IGNORE INTO client_platforms
  (id, client_id, platform, account_id, username, page_id,
   upload_post_board_id, upload_post_location_id,
   privacy_level, privacy_status, paused, paused_reason, paused_since, notes)
VALUES (
  'b43f28061269cf452f5b366e01', '2ee8fc3c05a9999debb601f9e3', 'facebook',
  '21249',
  NULL,
  '276958339336840',
  NULL,
  NULL,
  NULL,
  NULL,
  0,
  NULL,
  NULL,
  NULL
);

INSERT OR IGNORE INTO client_platforms
  (id, client_id, platform, account_id, username, page_id,
   upload_post_board_id, upload_post_location_id,
   privacy_level, privacy_status, paused, paused_reason, paused_since, notes)
VALUES (
  '8bca843546ffc0b5eda78d9e79', '2ee8fc3c05a9999debb601f9e3', 'instagram',
  '33054',
  'best.garageca',
  NULL,
  NULL,
  NULL,
  NULL,
  NULL,
  0,
  NULL,
  NULL,
  NULL
);

INSERT OR IGNORE INTO client_platforms
  (id, client_id, platform, account_id, username, page_id,
   upload_post_board_id, upload_post_location_id,
   privacy_level, privacy_status, paused, paused_reason, paused_since, notes)
VALUES (
  '9a780835d82c689f28031a8359', '2ee8fc3c05a9999debb601f9e3', 'threads',
  '5181',
  'best.garageca',
  NULL,
  NULL,
  NULL,
  NULL,
  NULL,
  0,
  NULL,
  NULL,
  NULL
);

INSERT OR IGNORE INTO clients
  (id, slug, canonical_name, package, status, owner_group, manual_only,
   requires_approval_from, language, never_mix_with, upload_post_profile,
   wp_domain, wp_url, wp_auth, wp_template, brand_json, notes, created_at, updated_at)
VALUES (
  'f44da5cf8e4854ad4966ed71ae', 'ketty-robles-accounting', 'Ketty S Robles Accounting',
  'medium', 'active',
  NULL,
  0,
  NULL,
  'en',
  NULL,
  'Ketty_Robles',
  NULL,
  NULL,
  NULL,
  NULL,
  NULL,
  'Barter client (no cash). Facebook only. Bilingual EN/ES. ITIN specialization.',
  1775761125, 1775761125
);

INSERT OR IGNORE INTO client_platforms
  (id, client_id, platform, account_id, username, page_id,
   upload_post_board_id, upload_post_location_id,
   privacy_level, privacy_status, paused, paused_reason, paused_since, notes)
VALUES (
  'e3cee8baaf088ba61e626f7988', 'f44da5cf8e4854ad4966ed71ae', 'facebook',
  '21249',
  NULL,
  '335460246944724',
  NULL,
  NULL,
  NULL,
  NULL,
  0,
  NULL,
  NULL,
  NULL
);

INSERT OR IGNORE INTO clients
  (id, slug, canonical_name, package, status, owner_group, manual_only,
   requires_approval_from, language, never_mix_with, upload_post_profile,
   wp_domain, wp_url, wp_auth, wp_template, brand_json, notes, created_at, updated_at)
VALUES (
  'a21dcff765db20edd4c2d42d3d', 'jaz-makeup-artist', 'Jaz MakeUp Artist',
  'medium', 'active',
  NULL,
  0,
  NULL,
  'en',
  NULL,
  'Jaz_MakeUp_Artist',
  NULL,
  NULL,
  NULL,
  NULL,
  NULL,
  'ALL CONTENT IN SPANISH ONLY — Nicaragua audience. Beauty/makeup artist. Basic package, 3x/week. Owner: Jazmina.',
  1775761125, 1775761125
);

INSERT OR IGNORE INTO client_platforms
  (id, client_id, platform, account_id, username, page_id,
   upload_post_board_id, upload_post_location_id,
   privacy_level, privacy_status, paused, paused_reason, paused_since, notes)
VALUES (
  'b181d63a82079ac6704b356bb', 'a21dcff765db20edd4c2d42d3d', 'facebook',
  '21249',
  NULL,
  '1100785716444095',
  NULL,
  NULL,
  NULL,
  NULL,
  0,
  NULL,
  NULL,
  NULL
);

INSERT OR IGNORE INTO client_platforms
  (id, client_id, platform, account_id, username, page_id,
   upload_post_board_id, upload_post_location_id,
   privacy_level, privacy_status, paused, paused_reason, paused_since, notes)
VALUES (
  '60bdf697f48ac130f4bd2e9605', 'a21dcff765db20edd4c2d42d3d', 'instagram',
  '35759',
  'jaz.m.u.a',
  NULL,
  NULL,
  NULL,
  NULL,
  NULL,
  0,
  NULL,
  NULL,
  NULL
);

INSERT OR IGNORE INTO client_platforms
  (id, client_id, platform, account_id, username, page_id,
   upload_post_board_id, upload_post_location_id,
   privacy_level, privacy_status, paused, paused_reason, paused_since, notes)
VALUES (
  '35347e8d0df421116f06e5bac4', 'a21dcff765db20edd4c2d42d3d', 'youtube',
  '30439',
  'Jazmina Fonseca (Jaz MakeUp Artist)',
  NULL,
  NULL,
  NULL,
  NULL,
  'public',
  0,
  NULL,
  NULL,
  NULL
);

INSERT OR IGNORE INTO client_platforms
  (id, client_id, platform, account_id, username, page_id,
   upload_post_board_id, upload_post_location_id,
   privacy_level, privacy_status, paused, paused_reason, paused_since, notes)
VALUES (
  '88225358019f56894dfe34060d', 'a21dcff765db20edd4c2d42d3d', 'google_business',
  NULL,
  NULL,
  NULL,
  NULL,
  'locations/14370599394223647355',
  NULL,
  NULL,
  0,
  NULL,
  NULL,
  'Jaz MakeUp Artist — verified 2026-04-08'
);

INSERT OR IGNORE INTO client_platforms
  (id, client_id, platform, account_id, username, page_id,
   upload_post_board_id, upload_post_location_id,
   privacy_level, privacy_status, paused, paused_reason, paused_since, notes)
VALUES (
  'c145a643e6b5717b36d7cc48', 'a21dcff765db20edd4c2d42d3d', 'tiktok',
  NULL,
  NULL,
  NULL,
  NULL,
  NULL,
  NULL,
  NULL,
  1,
  'TikTok not connected in Upload-Post — connect Jazmina''s TikTok account to enable',
  NULL,
  NULL
);

INSERT OR IGNORE INTO clients
  (id, slug, canonical_name, package, status, owner_group, manual_only,
   requires_approval_from, language, never_mix_with, upload_post_profile,
   wp_domain, wp_url, wp_auth, wp_template, brand_json, notes, created_at, updated_at)
VALUES (
  '4c808734ec4ee2c82c0ef620e5', 'webxni', 'WebXni',
  'medium', 'active',
  NULL,
  0,
  NULL,
  'en',
  NULL,
  'WebXni',
  NULL,
  NULL,
  NULL,
  NULL,
  NULL,
  'Internal account. Keep separate from all client content.',
  1775761125, 1775761125
);

INSERT OR IGNORE INTO client_platforms
  (id, client_id, platform, account_id, username, page_id,
   upload_post_board_id, upload_post_location_id,
   privacy_level, privacy_status, paused, paused_reason, paused_since, notes)
VALUES (
  '98e03bf1c498430b62f09a91c', '4c808734ec4ee2c82c0ef620e5', 'bluesky',
  '27270',
  'webxni.bsky.social',
  NULL,
  NULL,
  NULL,
  NULL,
  NULL,
  0,
  NULL,
  NULL,
  NULL
);

INSERT OR IGNORE INTO client_platforms
  (id, client_id, platform, account_id, username, page_id,
   upload_post_board_id, upload_post_location_id,
   privacy_level, privacy_status, paused, paused_reason, paused_since, notes)
VALUES (
  'cb6bb0c67be038ddbaeec0c99f', '4c808734ec4ee2c82c0ef620e5', 'facebook',
  '21249',
  NULL,
  '108849464925643',
  NULL,
  NULL,
  NULL,
  NULL,
  0,
  NULL,
  NULL,
  NULL
);

INSERT OR IGNORE INTO client_platforms
  (id, client_id, platform, account_id, username, page_id,
   upload_post_board_id, upload_post_location_id,
   privacy_level, privacy_status, paused, paused_reason, paused_since, notes)
VALUES (
  '506f202dbe3afe204567f616ce', '4c808734ec4ee2c82c0ef620e5', 'instagram',
  '32735',
  'webxni',
  NULL,
  NULL,
  NULL,
  NULL,
  NULL,
  0,
  NULL,
  NULL,
  NULL
);

INSERT OR IGNORE INTO client_platforms
  (id, client_id, platform, account_id, username, page_id,
   upload_post_board_id, upload_post_location_id,
   privacy_level, privacy_status, paused, paused_reason, paused_since, notes)
VALUES (
  '0548d96e47ec6cb6b4a584f6dd', '4c808734ec4ee2c82c0ef620e5', 'pinterest',
  '4660',
  'WebXni',
  NULL,
  '1043005663642129097',
  NULL,
  NULL,
  NULL,
  0,
  NULL,
  NULL,
  NULL
);

INSERT OR IGNORE INTO client_platforms
  (id, client_id, platform, account_id, username, page_id,
   upload_post_board_id, upload_post_location_id,
   privacy_level, privacy_status, paused, paused_reason, paused_since, notes)
VALUES (
  'abddd8cbfc59bc7ed7b4eb7b35', '4c808734ec4ee2c82c0ef620e5', 'tiktok',
  '32655',
  'webxnillc',
  NULL,
  NULL,
  NULL,
  'PUBLIC_TO_EVERYONE',
  NULL,
  0,
  NULL,
  NULL,
  NULL
);

INSERT OR IGNORE INTO client_platforms
  (id, client_id, platform, account_id, username, page_id,
   upload_post_board_id, upload_post_location_id,
   privacy_level, privacy_status, paused, paused_reason, paused_since, notes)
VALUES (
  '28d1e489c2e24ac576886d701a', '4c808734ec4ee2c82c0ef620e5', 'youtube',
  '29550',
  'webxni (Webxni)',
  NULL,
  NULL,
  NULL,
  NULL,
  'public',
  0,
  NULL,
  NULL,
  NULL
);

INSERT OR IGNORE INTO client_platforms
  (id, client_id, platform, account_id, username, page_id,
   upload_post_board_id, upload_post_location_id,
   privacy_level, privacy_status, paused, paused_reason, paused_since, notes)
VALUES (
  '2bd40b5ea58a7af02e05103808', '4c808734ec4ee2c82c0ef620e5', 'google_business',
  NULL,
  NULL,
  NULL,
  NULL,
  'locations/2822236853484291662',
  NULL,
  NULL,
  0,
  NULL,
  NULL,
  'WebXni LLC'
);
