-- Generated by migrate-accounts-map.ts
-- DO NOT EDIT MANUALLY

INSERT OR IGNORE INTO clients
  (id, slug, canonical_name, package, status, owner_group, manual_only,
   requires_approval_from, language, never_mix_with, upload_post_profile,
   wp_domain, wp_url, wp_auth, wp_template, brand_json, notes, created_at, updated_at)
VALUES (
  '0d36aaa77c7f8b78543eed61d', 'elite-team-builders', 'Elite Team Builders Inc.',
  'medium', 'active',
  NULL,
  0,
  NULL,
  'en',
  '["americas-professional-builders"]',
  'Elite_Team_Builders',
  'eliteteambuildersinc.com',
  'https://eliteteambuildersinc.com/wp-json/wp/v2',
  'b3BlbmNsYXc6b3dPMiByaGpRIExad2EgMlZ0VyB2N2FKIE45bmI=',
  'etb',
  '{"primary_color":"#1a1a2e","accent_color":"#c8a04a","company_name":"Elite Team Builders","tagline":"Seattle''s Premier Home Remodeling Experts","phone":"(888) 521-3549","phone_display":"(888) 521-3549","cta_text":"Call Elite Team Builders today for a free quote","cta_button_label":"Get Your Free Quote"}',
  'Brand colors Gold #c8a04a + Dark Blue #1a1a2e. Rotate LA/Seattle/Portland in posts.',
  1775844067, 1775844067
);

INSERT OR IGNORE INTO client_platforms
  (id, client_id, platform, account_id, username, page_id,
   upload_post_board_id, upload_post_location_id,
   privacy_level, privacy_status, paused, paused_reason, paused_since, notes)
VALUES (
  '3e7c9f706445dc96120f8cb627', '0d36aaa77c7f8b78543eed61d', 'bluesky',
  '25696',
  'eliteteambuilders.bsky.social',
  NULL,
  NULL,
  NULL,
  NULL,
  NULL,
  0,
  NULL,
  NULL,
  NULL
);

INSERT OR IGNORE INTO client_platforms
  (id, client_id, platform, account_id, username, page_id,
   upload_post_board_id, upload_post_location_id,
   privacy_level, privacy_status, paused, paused_reason, paused_since, notes)
VALUES (
  '8bc57ef9b1759d863c7358f708', '0d36aaa77c7f8b78543eed61d', 'facebook',
  '21249',
  NULL,
  '897957086729693',
  NULL,
  NULL,
  NULL,
  NULL,
  0,
  NULL,
  NULL,
  NULL
);

INSERT OR IGNORE INTO client_platforms
  (id, client_id, platform, account_id, username, page_id,
   upload_post_board_id, upload_post_location_id,
   privacy_level, privacy_status, paused, paused_reason, paused_since, notes)
VALUES (
  '5d5ae01df8e061f06d9347f792', '0d36aaa77c7f8b78543eed61d', 'instagram',
  '33069',
  'eliteteambuildersinc',
  NULL,
  NULL,
  NULL,
  NULL,
  NULL,
  0,
  NULL,
  NULL,
  NULL
);

INSERT OR IGNORE INTO client_platforms
  (id, client_id, platform, account_id, username, page_id,
   upload_post_board_id, upload_post_location_id,
   privacy_level, privacy_status, paused, paused_reason, paused_since, notes)
VALUES (
  '89c64f9734af235c647460d354', '0d36aaa77c7f8b78543eed61d', 'linkedin',
  '12712',
  NULL,
  '111348080',
  NULL,
  NULL,
  NULL,
  NULL,
  0,
  NULL,
  NULL,
  NULL
);

INSERT OR IGNORE INTO client_platforms
  (id, client_id, platform, account_id, username, page_id,
   upload_post_board_id, upload_post_location_id,
   privacy_level, privacy_status, paused, paused_reason, paused_since, notes)
VALUES (
  'b22e241c5ce58edb8ecd4a198a', '0d36aaa77c7f8b78543eed61d', 'pinterest',
  '4422',
  'EliteTeamBuildersInc',
  NULL,
  '1137792362049523739',
  NULL,
  NULL,
  NULL,
  0,
  NULL,
  NULL,
  NULL
);

INSERT OR IGNORE INTO client_platforms
  (id, client_id, platform, account_id, username, page_id,
   upload_post_board_id, upload_post_location_id,
   privacy_level, privacy_status, paused, paused_reason, paused_since, notes)
VALUES (
  '599dca0c165a6464613e4c6de7', '0d36aaa77c7f8b78543eed61d', 'threads',
  '4889',
  'eliteteambuildersinc',
  NULL,
  NULL,
  NULL,
  NULL,
  NULL,
  0,
  NULL,
  NULL,
  NULL
);

INSERT OR IGNORE INTO client_platforms
  (id, client_id, platform, account_id, username, page_id,
   upload_post_board_id, upload_post_location_id,
   privacy_level, privacy_status, paused, paused_reason, paused_since, notes)
VALUES (
  'b8ac934eee8ab2c5d3ba56f88a', '0d36aaa77c7f8b78543eed61d', 'tiktok',
  '31425',
  'eliteteambuildersinc',
  NULL,
  NULL,
  NULL,
  'PUBLIC_TO_EVERYONE',
  NULL,
  0,
  NULL,
  NULL,
  NULL
);

INSERT OR IGNORE INTO client_platforms
  (id, client_id, platform, account_id, username, page_id,
   upload_post_board_id, upload_post_location_id,
   privacy_level, privacy_status, paused, paused_reason, paused_since, notes)
VALUES (
  'e95f62fb5d00cac8b6ad312a26', '0d36aaa77c7f8b78543eed61d', 'x',
  '13230',
  'Eliteteaminc',
  NULL,
  NULL,
  NULL,
  NULL,
  NULL,
  0,
  NULL,
  NULL,
  NULL
);

INSERT OR IGNORE INTO client_platforms
  (id, client_id, platform, account_id, username, page_id,
   upload_post_board_id, upload_post_location_id,
   privacy_level, privacy_status, paused, paused_reason, paused_since, notes)
VALUES (
  '19f0acb8490cab81bea1ac0ed9', '0d36aaa77c7f8b78543eed61d', 'youtube',
  '28640',
  'Elite Team Builders Inc.',
  NULL,
  NULL,
  NULL,
  NULL,
  'public',
  0,
  NULL,
  NULL,
  NULL
);

INSERT OR IGNORE INTO client_platforms
  (id, client_id, platform, account_id, upload_post_location_id, paused, notes)
VALUES (
  '51cdc5e04da7326fc079e54b93', '0d36aaa77c7f8b78543eed61d', 'google_business',
  NULL,
  'locations/13908569498767872619',
  0, 'Multi-location GBP. LA confirmed active. WA confirmed active. OR pending verification (blocked). post_content.py reads gbp_locations array and posts to each non-paused location with its own caption field.'
);

INSERT OR IGNORE INTO client_gbp_locations
  (id, client_id, label, location_id, upload_post_profile, caption_field, posted_field, paused, paused_reason, sort_order)
VALUES (
  '93438dc8e4e84d0f5e2ca9464c', '0d36aaa77c7f8b78543eed61d', 'LA', 'locations/13908569498767872619',
  'Elite_Team_Builders',
  'Caption - Google Business LA',
  'Posted - Google Business LA',
  0,
  NULL,
  0
);

INSERT OR IGNORE INTO client_gbp_locations
  (id, client_id, label, location_id, upload_post_profile, caption_field, posted_field, paused, paused_reason, sort_order)
VALUES (
  '94ab4fae3a028439ace0f8882c', '0d36aaa77c7f8b78543eed61d', 'WA', 'locations/13295643730305864087',
  'Elite_Team_Builders_WA',
  'Caption - Google Business WA',
  'Posted - Google Business WA',
  0,
  NULL,
  1
);

INSERT OR IGNORE INTO client_gbp_locations
  (id, client_id, label, location_id, upload_post_profile, caption_field, posted_field, paused, paused_reason, sort_order)
VALUES (
  '0630b9a202a7133feceeca9372', '0d36aaa77c7f8b78543eed61d', 'OR', 'locations/15052454732110248566',
  'Elite_Team_Builders',
  'Caption - Google Business OR',
  'Posted - Google Business OR',
  1,
  'Pending Google verification — do not post until Marvin confirms',
  2
);

INSERT OR IGNORE INTO clients
  (id, slug, canonical_name, package, status, owner_group, manual_only,
   requires_approval_from, language, never_mix_with, upload_post_profile,
   wp_domain, wp_url, wp_auth, wp_template, brand_json, notes, created_at, updated_at)
VALUES (
  'aaf8953e6df139e36f80e61dee', 'caliview-builders', 'CALI-VIEW BUILDERS',
  'medium', 'active',
  NULL,
  0,
  NULL,
  'en',
  NULL,
  'Caliview_Builders',
  'caliviewbuilders.com',
  'https://caliviewbuilders.com/wp-json/wp/v2',
  'b3BlbmNsYXc6TXNuQjcwVnk2STJXbXBKNERDelpSOWtz',
  'caliview',
  '{"primary_color":"#1a3c6e","accent_color":"#f59e0b","company_name":"Caliview Builders","tagline":"Shaping your future, one project at a time","phone":"323-484-8458","phone_display":"(323) 484-8458","cta_text":"Call Caliview Builders for a free consultation — (323) 484-8458","cta_button_label":"Call for a Free Estimate"}',
  'Latino-owned. LGBTQ-friendly. Do NOT mention financing. CV Roofing is a separate subdomain — never mix with main brand. Owner: Ori Peretz — sole decision maker. Post weekdays only (Mon-Thu 9AM-5PM, Fri 9AM-3PM). Phone: (323) 484-8458.',
  1775844067, 1775844067
);

INSERT OR IGNORE INTO client_restrictions (client_id, term) VALUES ('aaf8953e6df139e36f80e61dee', 'financing');
INSERT OR IGNORE INTO client_restrictions (client_id, term) VALUES ('aaf8953e6df139e36f80e61dee', 'solar');

INSERT OR IGNORE INTO client_platforms
  (id, client_id, platform, account_id, username, page_id,
   upload_post_board_id, upload_post_location_id,
   privacy_level, privacy_status, paused, paused_reason, paused_since, notes)
VALUES (
  'ec3fa3b1e3a98d4b64d4d7e5f9', 'aaf8953e6df139e36f80e61dee', 'bluesky',
  '26621',
  'caliviewbuilders.bsky.social',
  NULL,
  NULL,
  NULL,
  NULL,
  NULL,
  0,
  NULL,
  NULL,
  NULL
);

INSERT OR IGNORE INTO client_platforms
  (id, client_id, platform, account_id, username, page_id,
   upload_post_board_id, upload_post_location_id,
   privacy_level, privacy_status, paused, paused_reason, paused_since, notes)
VALUES (
  '85d3637ab523eae11bdfee976b', 'aaf8953e6df139e36f80e61dee', 'facebook',
  '21249',
  NULL,
  '114331738185501',
  NULL,
  NULL,
  NULL,
  NULL,
  0,
  NULL,
  NULL,
  NULL
);

INSERT OR IGNORE INTO client_platforms
  (id, client_id, platform, account_id, username, page_id,
   upload_post_board_id, upload_post_location_id,
   privacy_level, privacy_status, paused, paused_reason, paused_since, notes)
VALUES (
  'd255c5f32e1d7b34fcd9e1717', 'aaf8953e6df139e36f80e61dee', 'instagram',
  '33065',
  'caliviewbuilders',
  NULL,
  NULL,
  NULL,
  NULL,
  NULL,
  0,
  NULL,
  NULL,
  NULL
);

INSERT OR IGNORE INTO client_platforms
  (id, client_id, platform, account_id, username, page_id,
   upload_post_board_id, upload_post_location_id,
   privacy_level, privacy_status, paused, paused_reason, paused_since, notes)
VALUES (
  'dc29377a661f6b28bb7bbdaf5b', 'aaf8953e6df139e36f80e61dee', 'linkedin',
  '12712',
  NULL,
  '112288361',
  NULL,
  NULL,
  NULL,
  NULL,
  0,
  NULL,
  NULL,
  'LinkedIn not linked to Caliview_Builders Upload-Post profile — link shared LinkedIn account at upload-post.com (same account as Elite_Team_Builders) to enable automated LinkedIn posting'
);

INSERT OR IGNORE INTO client_platforms
  (id, client_id, platform, account_id, username, page_id,
   upload_post_board_id, upload_post_location_id,
   privacy_level, privacy_status, paused, paused_reason, paused_since, notes)
VALUES (
  'f52d1b371f59134d662e6e1db', 'aaf8953e6df139e36f80e61dee', 'pinterest',
  '4595',
  'caliviewbuilders',
  NULL,
  '1091137884659911570',
  NULL,
  NULL,
  NULL,
  0,
  NULL,
  NULL,
  NULL
);

INSERT OR IGNORE INTO client_platforms
  (id, client_id, platform, account_id, username, page_id,
   upload_post_board_id, upload_post_location_id,
   privacy_level, privacy_status, paused, paused_reason, paused_since, notes)
VALUES (
  'd07e9c230b0a81171ecb7f24d', 'aaf8953e6df139e36f80e61dee', 'threads',
  '4975',
  'caliviewbuilders',
  NULL,
  NULL,
  NULL,
  NULL,
  NULL,
  0,
  NULL,
  NULL,
  NULL
);

INSERT OR IGNORE INTO client_platforms
  (id, client_id, platform, account_id, username, page_id,
   upload_post_board_id, upload_post_location_id,
   privacy_level, privacy_status, paused, paused_reason, paused_since, notes)
VALUES (
  'a97681f03e5716dadea8b98c35', 'aaf8953e6df139e36f80e61dee', 'tiktok',
  '32237',
  'caliviewbuilders26',
  NULL,
  NULL,
  NULL,
  'PUBLIC_TO_EVERYONE',
  NULL,
  0,
  NULL,
  NULL,
  NULL
);

INSERT OR IGNORE INTO client_platforms
  (id, client_id, platform, account_id, username, page_id,
   upload_post_board_id, upload_post_location_id,
   privacy_level, privacy_status, paused, paused_reason, paused_since, notes)
VALUES (
  '50a6bd28fb684ecd9c7a3a51d2', 'aaf8953e6df139e36f80e61dee', 'x',
  '13580',
  'caliviewbs',
  NULL,
  NULL,
  NULL,
  NULL,
  NULL,
  0,
  NULL,
  NULL,
  NULL
);

INSERT OR IGNORE INTO client_platforms
  (id, client_id, platform, account_id, username, page_id,
   upload_post_board_id, upload_post_location_id,
   privacy_level, privacy_status, paused, paused_reason, paused_since, notes)
VALUES (
  '248cc531e7c376e5fbd4c15b7f', 'aaf8953e6df139e36f80e61dee', 'youtube',
  '29234',
  'ori peretz (CALI VIEW BUILDERS)',
  NULL,
  NULL,
  NULL,
  NULL,
  'public',
  0,
  NULL,
  NULL,
  NULL
);

INSERT OR IGNORE INTO client_platforms
  (id, client_id, platform, account_id, username, page_id,
   upload_post_board_id, upload_post_location_id,
   privacy_level, privacy_status, paused, paused_reason, paused_since, notes)
VALUES (
  'c1795317541c398be386f31032', 'aaf8953e6df139e36f80e61dee', 'google_business',
  NULL,
  NULL,
  NULL,
  NULL,
  'locations/9124205453195096075',
  NULL,
  NULL,
  0,
  NULL,
  NULL,
  'Using CALI-VIEW BUILDERS location. Also linked: CV Roofing & Waterproofing (locations/3383264213974237662) — different brand, do not use for main Caliview posts'
);

INSERT OR IGNORE INTO clients
  (id, slug, canonical_name, package, status, owner_group, manual_only,
   requires_approval_from, language, never_mix_with, upload_post_profile,
   wp_domain, wp_url, wp_auth, wp_template, brand_json, notes, created_at, updated_at)
VALUES (
  '7b1fa045b1cffb44c82afdad69', 'americas-professional-builders', 'America’s Professional Builders Inc',
  'medium', 'active',
  NULL,
  0,
  NULL,
  'en',
  '["elite-team-builders"]',
  'Americas_Professional_Builders',
  'americasprofessionalbuildersinc.com',
  'https://americasprofessionalbuildersinc.com/wp-json/wp/v2',
  'b3BlbmNsYXc6NU5JYXFuRkp1SGlINXJSdFVJd1AwenQz',
  'americas',
  '{"primary_color":"#1e3a5f","accent_color":"#c8a04a","company_name":"America''s Professional Builders","tagline":"Professional Construction You Can Trust","phone":"(818) 401-3808","phone_display":"(818) 401-3808","cta_text":"Call America''s Professional Builders for a free consultation","cta_button_label":"Free Consultation"}',
  'Strict brand separation from Elite Team Builders. 4.9 stars / 7000+ reviews.',
  1775844067, 1775844067
);

INSERT OR IGNORE INTO client_platforms
  (id, client_id, platform, account_id, username, page_id,
   upload_post_board_id, upload_post_location_id,
   privacy_level, privacy_status, paused, paused_reason, paused_since, notes)
VALUES (
  'd00a823eb38eac7432f460a3b8', '7b1fa045b1cffb44c82afdad69', 'bluesky',
  '26630',
  'americaspbuilders.bsky.social',
  NULL,
  NULL,
  NULL,
  NULL,
  NULL,
  0,
  NULL,
  NULL,
  NULL
);

INSERT OR IGNORE INTO client_platforms
  (id, client_id, platform, account_id, username, page_id,
   upload_post_board_id, upload_post_location_id,
   privacy_level, privacy_status, paused, paused_reason, paused_since, notes)
VALUES (
  '6abde2fbe8882c559e8d14ee71', '7b1fa045b1cffb44c82afdad69', 'facebook',
  '21249',
  NULL,
  '1044450898746714',
  NULL,
  NULL,
  NULL,
  NULL,
  0,
  NULL,
  NULL,
  NULL
);

INSERT OR IGNORE INTO client_platforms
  (id, client_id, platform, account_id, username, page_id,
   upload_post_board_id, upload_post_location_id,
   privacy_level, privacy_status, paused, paused_reason, paused_since, notes)
VALUES (
  '224ded1b5361eb9a11abd6ad9e', '7b1fa045b1cffb44c82afdad69', 'instagram',
  '33056',
  'americasprofessionalbuilders',
  NULL,
  NULL,
  NULL,
  NULL,
  NULL,
  0,
  NULL,
  NULL,
  NULL
);

INSERT OR IGNORE INTO client_platforms
  (id, client_id, platform, account_id, username, page_id,
   upload_post_board_id, upload_post_location_id,
   privacy_level, privacy_status, paused, paused_reason, paused_since, notes)
VALUES (
  'cd0d1aadc341a497f087ba6641', '7b1fa045b1cffb44c82afdad69', 'pinterest',
  '4596',
  'americasprofessionalbuilders',
  NULL,
  '1089941616008863671',
  NULL,
  NULL,
  NULL,
  0,
  NULL,
  NULL,
  NULL
);

INSERT OR IGNORE INTO client_platforms
  (id, client_id, platform, account_id, username, page_id,
   upload_post_board_id, upload_post_location_id,
   privacy_level, privacy_status, paused, paused_reason, paused_since, notes)
VALUES (
  'b1dd5c6b5e192f7b7661e2a9ce', '7b1fa045b1cffb44c82afdad69', 'threads',
  '4976',
  'americasprofessionalbuilders',
  NULL,
  NULL,
  NULL,
  NULL,
  NULL,
  0,
  NULL,
  NULL,
  NULL
);

INSERT OR IGNORE INTO client_platforms
  (id, client_id, platform, account_id, username, page_id,
   upload_post_board_id, upload_post_location_id,
   privacy_level, privacy_status, paused, paused_reason, paused_since, notes)
VALUES (
  '5900a83ed5628adf7a8068062d', '7b1fa045b1cffb44c82afdad69', 'tiktok',
  '32242',
  'americasprofessionalinc',
  NULL,
  NULL,
  NULL,
  'PUBLIC_TO_EVERYONE',
  NULL,
  0,
  NULL,
  NULL,
  NULL
);

INSERT OR IGNORE INTO client_platforms
  (id, client_id, platform, account_id, username, page_id,
   upload_post_board_id, upload_post_location_id,
   privacy_level, privacy_status, paused, paused_reason, paused_since, notes)
VALUES (
  '16205cda9ec036fdb774154ce3', '7b1fa045b1cffb44c82afdad69', 'x',
  '13581',
  'AmericasPBInc26',
  NULL,
  NULL,
  NULL,
  NULL,
  NULL,
  0,
  NULL,
  NULL,
  NULL
);

INSERT OR IGNORE INTO client_platforms
  (id, client_id, platform, account_id, username, page_id,
   upload_post_board_id, upload_post_location_id,
   privacy_level, privacy_status, paused, paused_reason, paused_since, notes)
VALUES (
  '846ee1fb2bedabf9fe80983b8', '7b1fa045b1cffb44c82afdad69', 'linkedin',
  NULL,
  NULL,
  '112642026',
  NULL,
  NULL,
  NULL,
  NULL,
  1,
  'LinkedIn account not linked to Americas_Professional_Builders Upload-Post profile — link shared LinkedIn account at upload-post.com dashboard (same account as Elite_Team_Builders)',
  NULL,
  NULL
);

INSERT OR IGNORE INTO client_platforms
  (id, client_id, platform, account_id, username, page_id,
   upload_post_board_id, upload_post_location_id,
   privacy_level, privacy_status, paused, paused_reason, paused_since, notes)
VALUES (
  '700e3abf3264461e6f77422bd5', '7b1fa045b1cffb44c82afdad69', 'google_business',
  NULL,
  NULL,
  NULL,
  NULL,
  'NOT_LINKED',
  NULL,
  NULL,
  1,
  'Google Business account not linked in Upload-Post profile Americas_Professional_Builders — connect at upload-post.com dashboard',
  NULL,
  NULL
);

INSERT OR IGNORE INTO clients
  (id, slug, canonical_name, package, status, owner_group, manual_only,
   requires_approval_from, language, never_mix_with, upload_post_profile,
   wp_domain, wp_url, wp_auth, wp_template, brand_json, notes, created_at, updated_at)
VALUES (
  '5083fe82d6774fe349f9ea31d9', 'modern-vision-remodeling', 'Modern Vision Remodeling Experts',
  'medium', 'active',
  NULL,
  0,
  'Lee Harush',
  'en',
  NULL,
  'Modern_Vision',
  NULL,
  NULL,
  NULL,
  NULL,
  NULL,
  'Automation enabled for Facebook, Instagram, Google Business. Lee''s content approval is strongly recommended before setting Ready for Automation in Notion — but is no longer a hard block.',
  1775844067, 1775844067
);

INSERT OR IGNORE INTO client_platforms
  (id, client_id, platform, account_id, username, page_id,
   upload_post_board_id, upload_post_location_id,
   privacy_level, privacy_status, paused, paused_reason, paused_since, notes)
VALUES (
  'd2938ef849715d0e00e3520fc', '5083fe82d6774fe349f9ea31d9', 'facebook',
  '21249',
  NULL,
  '102921882737718',
  NULL,
  NULL,
  NULL,
  NULL,
  0,
  NULL,
  NULL,
  NULL
);

INSERT OR IGNORE INTO client_platforms
  (id, client_id, platform, account_id, username, page_id,
   upload_post_board_id, upload_post_location_id,
   privacy_level, privacy_status, paused, paused_reason, paused_since, notes)
VALUES (
  '862f8613649fa2a0a03e257d14', '5083fe82d6774fe349f9ea31d9', 'instagram',
  '33974',
  'modern_vision__remodeling',
  NULL,
  NULL,
  NULL,
  NULL,
  NULL,
  0,
  NULL,
  NULL,
  NULL
);

INSERT OR IGNORE INTO client_platforms
  (id, client_id, platform, account_id, username, page_id,
   upload_post_board_id, upload_post_location_id,
   privacy_level, privacy_status, paused, paused_reason, paused_since, notes)
VALUES (
  'f4c80eb1dbbab3e3bd5c1f36f9', '5083fe82d6774fe349f9ea31d9', 'google_business',
  NULL,
  NULL,
  NULL,
  NULL,
  'locations/18011830171106063821',
  NULL,
  NULL,
  0,
  NULL,
  NULL,
  'Modern Vision Remodeling Experts'
);

INSERT OR IGNORE INTO clients
  (id, slug, canonical_name, package, status, owner_group, manual_only,
   requires_approval_from, language, never_mix_with, upload_post_profile,
   wp_domain, wp_url, wp_auth, wp_template, brand_json, notes, created_at, updated_at)
VALUES (
  '118bafb6f023654e014f6a0f2b', 'golden-touch-roofing', 'Golden Touch Roofing',
  'medium', 'active',
  NULL,
  0,
  NULL,
  'en',
  NULL,
  'Golden_Touch_Roofing',
  NULL,
  NULL,
  NULL,
  NULL,
  NULL,
  'Bilingual EN/ES. LGBTQ-friendly. Google Guaranteed. No posts on Saturday.',
  1775844067, 1775844067
);

INSERT OR IGNORE INTO client_platforms
  (id, client_id, platform, account_id, username, page_id,
   upload_post_board_id, upload_post_location_id,
   privacy_level, privacy_status, paused, paused_reason, paused_since, notes)
VALUES (
  '98684bba07a4bb7e8d0f6c1d3b', '118bafb6f023654e014f6a0f2b', 'bluesky',
  '27811',
  'goldentouchroofing.bsky.social',
  NULL,
  NULL,
  NULL,
  NULL,
  NULL,
  0,
  NULL,
  NULL,
  NULL
);

INSERT OR IGNORE INTO client_platforms
  (id, client_id, platform, account_id, username, page_id,
   upload_post_board_id, upload_post_location_id,
   privacy_level, privacy_status, paused, paused_reason, paused_since, notes)
VALUES (
  '9e720563e51383628be3f64fe8', '118bafb6f023654e014f6a0f2b', 'facebook',
  '21249',
  NULL,
  '631603223366401',
  NULL,
  NULL,
  NULL,
  NULL,
  0,
  NULL,
  NULL,
  NULL
);

INSERT OR IGNORE INTO client_platforms
  (id, client_id, platform, account_id, username, page_id,
   upload_post_board_id, upload_post_location_id,
   privacy_level, privacy_status, paused, paused_reason, paused_since, notes)
VALUES (
  '3b0c9126acfcbf30bdbfc5fe4f', '118bafb6f023654e014f6a0f2b', 'instagram',
  '33071',
  'goldentouch_roofing',
  NULL,
  NULL,
  NULL,
  NULL,
  NULL,
  0,
  NULL,
  NULL,
  NULL
);

INSERT OR IGNORE INTO client_platforms
  (id, client_id, platform, account_id, username, page_id,
   upload_post_board_id, upload_post_location_id,
   privacy_level, privacy_status, paused, paused_reason, paused_since, notes)
VALUES (
  'a00a60d01a9c6abed03f1d922e', '118bafb6f023654e014f6a0f2b', 'pinterest',
  '4725',
  'goldentouchroofing',
  NULL,
  'NOT_LINKED',
  NULL,
  NULL,
  NULL,
  1,
  'Pinterest account not linked in Upload-Post profile — connect at upload-post.com dashboard then re-run GET /api/uploadposts/pinterest/boards?profile=Golden_Touch_Roofing',
  NULL,
  NULL
);

INSERT OR IGNORE INTO client_platforms
  (id, client_id, platform, account_id, username, page_id,
   upload_post_board_id, upload_post_location_id,
   privacy_level, privacy_status, paused, paused_reason, paused_since, notes)
VALUES (
  'f9baa7e4bb823819b89a798094', '118bafb6f023654e014f6a0f2b', 'threads',
  '5108',
  'goldentouch_roofing',
  NULL,
  NULL,
  NULL,
  NULL,
  NULL,
  0,
  NULL,
  NULL,
  NULL
);

INSERT OR IGNORE INTO client_platforms
  (id, client_id, platform, account_id, username, page_id,
   upload_post_board_id, upload_post_location_id,
   privacy_level, privacy_status, paused, paused_reason, paused_since, notes)
VALUES (
  '7f85fa0f49d0f69c5312fb67b2', '118bafb6f023654e014f6a0f2b', 'x',
  '14002',
  'GoldenTouchRoof',
  NULL,
  NULL,
  NULL,
  NULL,
  NULL,
  0,
  NULL,
  NULL,
  NULL
);

INSERT OR IGNORE INTO client_platforms
  (id, client_id, platform, account_id, username, page_id,
   upload_post_board_id, upload_post_location_id,
   privacy_level, privacy_status, paused, paused_reason, paused_since, notes)
VALUES (
  'a193356fa7eaea6c5dedd277d3', '118bafb6f023654e014f6a0f2b', 'youtube',
  '28642',
  'Goldentouchroofing',
  NULL,
  NULL,
  NULL,
  NULL,
  'public',
  0,
  NULL,
  NULL,
  NULL
);

INSERT OR IGNORE INTO client_platforms
  (id, client_id, platform, account_id, username, page_id,
   upload_post_board_id, upload_post_location_id,
   privacy_level, privacy_status, paused, paused_reason, paused_since, notes)
VALUES (
  '0f8cd411b4784f994dca1bb059', '118bafb6f023654e014f6a0f2b', 'linkedin',
  NULL,
  NULL,
  '112635151',
  NULL,
  NULL,
  NULL,
  NULL,
  0,
  NULL,
  NULL,
  NULL
);

INSERT OR IGNORE INTO client_platforms
  (id, client_id, platform, account_id, username, page_id,
   upload_post_board_id, upload_post_location_id,
   privacy_level, privacy_status, paused, paused_reason, paused_since, notes)
VALUES (
  'c291b669138bd26b6183b66de8', '118bafb6f023654e014f6a0f2b', 'google_business',
  NULL,
  NULL,
  NULL,
  NULL,
  'NOT_LINKED',
  NULL,
  NULL,
  1,
  'GBP not linked in Upload-Post profile Golden_Touch_Roofing — connect at upload-post.com dashboard',
  NULL,
  NULL
);

INSERT OR IGNORE INTO clients
  (id, slug, canonical_name, package, status, owner_group, manual_only,
   requires_approval_from, language, never_mix_with, upload_post_profile,
   wp_domain, wp_url, wp_auth, wp_template, brand_json, notes, created_at, updated_at)
VALUES (
  '101ce7e876774356dcc078e51', 'exceptional-home-builders-nw', 'Exceptional Home Builders NW',
  'medium', 'active',
  NULL,
  0,
  NULL,
  'en',
  NULL,
  'PENDING_SETUP',
  NULL,
  NULL,
  NULL,
  NULL,
  NULL,
  'Use page 903212596218298 (Exceptional Home Builders NW). Page 193599287181114 (''Exceptional Home Builders'') is a different/older page — do not use until Marvin clarifies.',
  1775844067, 1775844067
);

INSERT OR IGNORE INTO client_platforms
  (id, client_id, platform, account_id, username, page_id,
   upload_post_board_id, upload_post_location_id,
   privacy_level, privacy_status, paused, paused_reason, paused_since, notes)
VALUES (
  '9d3c85709b7850e03c74ca5b46', '101ce7e876774356dcc078e51', 'facebook',
  '21249',
  NULL,
  '903212596218298',
  NULL,
  NULL,
  NULL,
  NULL,
  0,
  NULL,
  NULL,
  NULL
);

INSERT OR IGNORE INTO client_platforms
  (id, client_id, platform, account_id, username, page_id,
   upload_post_board_id, upload_post_location_id,
   privacy_level, privacy_status, paused, paused_reason, paused_since, notes)
VALUES (
  '3ffffd5981edf69be48b084d4a', '101ce7e876774356dcc078e51', 'instagram',
  '33057',
  'exceptionalhomebuildersnw',
  NULL,
  NULL,
  NULL,
  NULL,
  NULL,
  0,
  NULL,
  NULL,
  NULL
);

INSERT OR IGNORE INTO clients
  (id, slug, canonical_name, package, status, owner_group, manual_only,
   requires_approval_from, language, never_mix_with, upload_post_profile,
   wp_domain, wp_url, wp_auth, wp_template, brand_json, notes, created_at, updated_at)
VALUES (
  '96d97f8131c2a232985b89d9a3', 'silver-roofing', 'Silver Roofing Specialist',
  'medium', 'active',
  NULL,
  0,
  NULL,
  'en',
  NULL,
  'PENDING_SETUP',
  NULL,
  NULL,
  NULL,
  NULL,
  NULL,
  'INACTIVE in Notion as of 2026-03-31. Instagram paused since Feb 2026. Women-owned. Bilingual EN/ES.',
  1775844067, 1775844067
);

INSERT OR IGNORE INTO client_platforms
  (id, client_id, platform, account_id, username, page_id,
   upload_post_board_id, upload_post_location_id,
   privacy_level, privacy_status, paused, paused_reason, paused_since, notes)
VALUES (
  '8afe8e7e1c5d6efca6e8c3a63', '96d97f8131c2a232985b89d9a3', 'instagram',
  '33064',
  'silverstoneremodelinginc',
  NULL,
  NULL,
  NULL,
  NULL,
  NULL,
  1,
  NULL,
  '2026-02',
  NULL
);

INSERT OR IGNORE INTO clients
  (id, slug, canonical_name, package, status, owner_group, manual_only,
   requires_approval_from, language, never_mix_with, upload_post_profile,
   wp_domain, wp_url, wp_auth, wp_template, brand_json, notes, created_at, updated_at)
VALUES (
  '49d8d459d80c11c0fb7743abd7', '247-lockout-locksmith', '24/7 Lockout Locksmith',
  'medium', 'active',
  'gabriel-algrably',
  0,
  NULL,
  'en',
  NULL,
  '24_7_Lockout',
  '247lockoutpasadena.com',
  'https://247lockoutpasadena.com/wp-json/wp/v2',
  'b3BlbmNsYXc6R1kwc052TmRFRDBLd0V5VWNEbFVCemRh',
  'locksmith',
  '{"primary_color":"#1a1a2e","accent_color":"#e53e3e","company_name":"24/7 Lockout Locksmith Services","tagline":"Fast & Reliable — Available 24/7","phone":"818-984-4333","phone_display":"(818) 984-4333","cta_text":"Call 24/7 Lockout Locksmith — We respond in minutes","cta_button_label":"Call Now — 24/7"}',
  'Gabriel Algrably client. NEVER mention forbidden terms. Google Guaranteed.',
  1775844067, 1775844067
);

INSERT OR IGNORE INTO client_restrictions (client_id, term) VALUES ('49d8d459d80c11c0fb7743abd7', 'car key fob');
INSERT OR IGNORE INTO client_restrictions (client_id, term) VALUES ('49d8d459d80c11c0fb7743abd7', 'key fob');
INSERT OR IGNORE INTO client_restrictions (client_id, term) VALUES ('49d8d459d80c11c0fb7743abd7', 'duplicate key');
INSERT OR IGNORE INTO client_restrictions (client_id, term) VALUES ('49d8d459d80c11c0fb7743abd7', 'duplicate keys');
INSERT OR IGNORE INTO client_restrictions (client_id, term) VALUES ('49d8d459d80c11c0fb7743abd7', 'car key programming');
INSERT OR IGNORE INTO client_restrictions (client_id, term) VALUES ('49d8d459d80c11c0fb7743abd7', 'key programming');

INSERT OR IGNORE INTO client_platforms
  (id, client_id, platform, account_id, username, page_id,
   upload_post_board_id, upload_post_location_id,
   privacy_level, privacy_status, paused, paused_reason, paused_since, notes)
VALUES (
  'b2de57ce123c1bf49422331ebb', '49d8d459d80c11c0fb7743abd7', 'bluesky',
  '26851',
  '247lockout.bsky.social',
  NULL,
  NULL,
  NULL,
  NULL,
  NULL,
  0,
  NULL,
  NULL,
  NULL
);

INSERT OR IGNORE INTO client_platforms
  (id, client_id, platform, account_id, username, page_id,
   upload_post_board_id, upload_post_location_id,
   privacy_level, privacy_status, paused, paused_reason, paused_since, notes)
VALUES (
  '6d0912c13c039320ad9c095c03', '49d8d459d80c11c0fb7743abd7', 'facebook',
  '21249',
  NULL,
  '607402882449629',
  NULL,
  NULL,
  NULL,
  NULL,
  0,
  NULL,
  NULL,
  NULL
);

INSERT OR IGNORE INTO client_platforms
  (id, client_id, platform, account_id, username, page_id,
   upload_post_board_id, upload_post_location_id,
   privacy_level, privacy_status, paused, paused_reason, paused_since, notes)
VALUES (
  'f6813d5305b3bf926627b5bc92', '49d8d459d80c11c0fb7743abd7', 'instagram',
  '33061',
  '247lockoutlocksmithservices',
  NULL,
  NULL,
  NULL,
  NULL,
  NULL,
  0,
  NULL,
  NULL,
  NULL
);

INSERT OR IGNORE INTO client_platforms
  (id, client_id, platform, account_id, username, page_id,
   upload_post_board_id, upload_post_location_id,
   privacy_level, privacy_status, paused, paused_reason, paused_since, notes)
VALUES (
  '5a0518ab4480d1c4df97edda45', '49d8d459d80c11c0fb7743abd7', 'pinterest',
  '4617',
  '247lockouttec',
  NULL,
  '871094821616009645',
  NULL,
  NULL,
  NULL,
  0,
  NULL,
  NULL,
  NULL
);

INSERT OR IGNORE INTO client_platforms
  (id, client_id, platform, account_id, username, page_id,
   upload_post_board_id, upload_post_location_id,
   privacy_level, privacy_status, paused, paused_reason, paused_since, notes)
VALUES (
  '54201224d1a1a9750d1be7a3d8', '49d8d459d80c11c0fb7743abd7', 'threads',
  '4997',
  '247lockoutlocksmithservices',
  NULL,
  NULL,
  NULL,
  NULL,
  NULL,
  0,
  NULL,
  NULL,
  NULL
);

INSERT OR IGNORE INTO client_platforms
  (id, client_id, platform, account_id, username, page_id,
   upload_post_board_id, upload_post_location_id,
   privacy_level, privacy_status, paused, paused_reason, paused_since, notes)
VALUES (
  '3404b7eee82bd404957c63ac06', '49d8d459d80c11c0fb7743abd7', 'tiktok',
  '32359',
  '247lockoutlocksmith',
  NULL,
  NULL,
  NULL,
  'PUBLIC_TO_EVERYONE',
  NULL,
  0,
  NULL,
  NULL,
  NULL
);

INSERT OR IGNORE INTO client_platforms
  (id, client_id, platform, account_id, username, page_id,
   upload_post_board_id, upload_post_location_id,
   privacy_level, privacy_status, paused, paused_reason, paused_since, notes)
VALUES (
  '2eb4c2b5f2315dd56436757c2c', '49d8d459d80c11c0fb7743abd7', 'x',
  '13651',
  '7Lockout82535',
  NULL,
  NULL,
  NULL,
  NULL,
  NULL,
  1,
  'Twitter account suspended — skip all posts until restored',
  NULL,
  NULL
);

INSERT OR IGNORE INTO client_platforms
  (id, client_id, platform, account_id, username, page_id,
   upload_post_board_id, upload_post_location_id,
   privacy_level, privacy_status, paused, paused_reason, paused_since, notes)
VALUES (
  'bb42cc91406967758402c271a', '49d8d459d80c11c0fb7743abd7', 'youtube',
  '29335',
  'Daniel Algrably (247 Lockout Locksmith)',
  NULL,
  NULL,
  NULL,
  NULL,
  'public',
  0,
  NULL,
  NULL,
  NULL
);

INSERT OR IGNORE INTO client_platforms
  (id, client_id, platform, account_id, username, page_id,
   upload_post_board_id, upload_post_location_id,
   privacy_level, privacy_status, paused, paused_reason, paused_since, notes)
VALUES (
  'c7b0be370f31499380473fadc2', '49d8d459d80c11c0fb7743abd7', 'google_business',
  NULL,
  NULL,
  NULL,
  NULL,
  'locations/105295919997970852',
  NULL,
  NULL,
  0,
  NULL,
  NULL,
  '24/7 Lockout Locksmith verified'
);

INSERT OR IGNORE INTO clients
  (id, slug, canonical_name, package, status, owner_group, manual_only,
   requires_approval_from, language, never_mix_with, upload_post_profile,
   wp_domain, wp_url, wp_auth, wp_template, brand_json, notes, created_at, updated_at)
VALUES (
  'd190bfd63a61ea047e89f33467', '724-locksmith', '7/24 Locksmith Services',
  'medium', 'active',
  'gabriel-algrably',
  0,
  NULL,
  'en',
  NULL,
  '7_24_Locksmith',
  '724locksmithca.com',
  'https://724locksmithca.com/wp-json/wp/v2',
  'b3BlbmNsYXc6U3ZOeEM4ejJZUFhTZ2k0djNMeWQ4TEJ0',
  'locksmith',
  '{"primary_color":"#1a1a2e","accent_color":"#e53e3e","company_name":"7/24 Locksmith Services","tagline":"Professional Locksmith — Around the Clock","phone":"323-346-7344","phone_display":"(323) 346-7344","cta_text":"Call 7/24 Locksmith Services — Fast Response, Fair Prices","cta_button_label":"Call Now"}',
  'Gabriel Algrably client. NEVER mention forbidden terms.',
  1775844067, 1775844067
);

INSERT OR IGNORE INTO client_restrictions (client_id, term) VALUES ('d190bfd63a61ea047e89f33467', 'car key fob');
INSERT OR IGNORE INTO client_restrictions (client_id, term) VALUES ('d190bfd63a61ea047e89f33467', 'key fob');
INSERT OR IGNORE INTO client_restrictions (client_id, term) VALUES ('d190bfd63a61ea047e89f33467', 'duplicate key');
INSERT OR IGNORE INTO client_restrictions (client_id, term) VALUES ('d190bfd63a61ea047e89f33467', 'duplicate keys');
INSERT OR IGNORE INTO client_restrictions (client_id, term) VALUES ('d190bfd63a61ea047e89f33467', 'car key programming');
INSERT OR IGNORE INTO client_restrictions (client_id, term) VALUES ('d190bfd63a61ea047e89f33467', 'key programming');

INSERT OR IGNORE INTO client_platforms
  (id, client_id, platform, account_id, username, page_id,
   upload_post_board_id, upload_post_location_id,
   privacy_level, privacy_status, paused, paused_reason, paused_since, notes)
VALUES (
  '8d5763f90018ef4106db201e0f', 'd190bfd63a61ea047e89f33467', 'bluesky',
  '26862',
  '724locksmith.bsky.social',
  NULL,
  NULL,
  NULL,
  NULL,
  NULL,
  0,
  NULL,
  NULL,
  NULL
);

INSERT OR IGNORE INTO client_platforms
  (id, client_id, platform, account_id, username, page_id,
   upload_post_board_id, upload_post_location_id,
   privacy_level, privacy_status, paused, paused_reason, paused_since, notes)
VALUES (
  '7d7b36087809b25cbc95941ac9', 'd190bfd63a61ea047e89f33467', 'facebook',
  '21249',
  NULL,
  '505255852666324',
  NULL,
  NULL,
  NULL,
  NULL,
  0,
  NULL,
  NULL,
  NULL
);

INSERT OR IGNORE INTO client_platforms
  (id, client_id, platform, account_id, username, page_id,
   upload_post_board_id, upload_post_location_id,
   privacy_level, privacy_status, paused, paused_reason, paused_since, notes)
VALUES (
  '0369b8b7b2d76ee60879185ca5', 'd190bfd63a61ea047e89f33467', 'instagram',
  '34119',
  '247locksmithservices',
  NULL,
  NULL,
  NULL,
  NULL,
  NULL,
  0,
  NULL,
  NULL,
  NULL
);

INSERT OR IGNORE INTO client_platforms
  (id, client_id, platform, account_id, username, page_id,
   upload_post_board_id, upload_post_location_id,
   privacy_level, privacy_status, paused, paused_reason, paused_since, notes)
VALUES (
  '356c31b0caf05d9aeaa0544e35', 'd190bfd63a61ea047e89f33467', 'threads',
  '5001',
  '247locksmithservices',
  NULL,
  NULL,
  NULL,
  NULL,
  NULL,
  0,
  NULL,
  NULL,
  NULL
);

INSERT OR IGNORE INTO client_platforms
  (id, client_id, platform, account_id, username, page_id,
   upload_post_board_id, upload_post_location_id,
   privacy_level, privacy_status, paused, paused_reason, paused_since, notes)
VALUES (
  '2cc8098015c8cb4cb42835b377', 'd190bfd63a61ea047e89f33467', 'tiktok',
  '32374',
  'gabialgrably',
  NULL,
  NULL,
  NULL,
  'PUBLIC_TO_EVERYONE',
  NULL,
  0,
  NULL,
  NULL,
  NULL
);

INSERT OR IGNORE INTO client_platforms
  (id, client_id, platform, account_id, username, page_id,
   upload_post_board_id, upload_post_location_id,
   privacy_level, privacy_status, paused, paused_reason, paused_since, notes)
VALUES (
  '36575b5ca8b8e16b0d32859176', 'd190bfd63a61ea047e89f33467', 'x',
  '13656',
  '724_locksmith',
  NULL,
  NULL,
  NULL,
  NULL,
  NULL,
  1,
  'Twitter account suspended — skip all posts until restored',
  NULL,
  NULL
);

INSERT OR IGNORE INTO client_platforms
  (id, client_id, platform, account_id, username, page_id,
   upload_post_board_id, upload_post_location_id,
   privacy_level, privacy_status, paused, paused_reason, paused_since, notes)
VALUES (
  'a2bb9504b81a858028631668c', 'd190bfd63a61ea047e89f33467', 'youtube',
  '29350',
  'Gabi Algrably (7/24 Locksmith)',
  NULL,
  NULL,
  NULL,
  NULL,
  'public',
  0,
  NULL,
  NULL,
  NULL
);

INSERT OR IGNORE INTO client_platforms
  (id, client_id, platform, account_id, username, page_id,
   upload_post_board_id, upload_post_location_id,
   privacy_level, privacy_status, paused, paused_reason, paused_since, notes)
VALUES (
  '1ddbe475c09552b33cd66d09ab', 'd190bfd63a61ea047e89f33467', 'google_business',
  NULL,
  NULL,
  NULL,
  NULL,
  'locations/6092571096858603058',
  NULL,
  NULL,
  0,
  NULL,
  NULL,
  '7/24 locksmith verified'
);

INSERT OR IGNORE INTO clients
  (id, slug, canonical_name, package, status, owner_group, manual_only,
   requires_approval_from, language, never_mix_with, upload_post_profile,
   wp_domain, wp_url, wp_auth, wp_template, brand_json, notes, created_at, updated_at)
VALUES (
  '94ea1744044a5622315bbf520a', 'unlockd-pros', 'Unlock´D Pros',
  'medium', 'active',
  'gabriel-algrably',
  0,
  NULL,
  'en',
  NULL,
  'UnlockD_Pros',
  'unlockedpros.com',
  'https://unlockedpros.com/wp-json/wp/v2',
  'b3BlbmNsYXc6WUVzdVRyMFlQVnROTmxnRHFWUmlhVW10',
  'locksmith',
  '{"primary_color":"#0f172a","accent_color":"#3b82f6","company_name":"Unlock''D Pros","tagline":"Your Trusted Local Locksmith","phone":"818-392-6390","phone_display":"(818) 392-6390","cta_text":"Call Unlock''D Pros for immediate locksmith service","cta_button_label":"Call Now"}',
  'Gabriel Algrably client. NEVER mention forbidden terms. BSIS licensed.',
  1775844067, 1775844067
);

INSERT OR IGNORE INTO client_restrictions (client_id, term) VALUES ('94ea1744044a5622315bbf520a', 'car key fob');
INSERT OR IGNORE INTO client_restrictions (client_id, term) VALUES ('94ea1744044a5622315bbf520a', 'key fob');
INSERT OR IGNORE INTO client_restrictions (client_id, term) VALUES ('94ea1744044a5622315bbf520a', 'duplicate key');
INSERT OR IGNORE INTO client_restrictions (client_id, term) VALUES ('94ea1744044a5622315bbf520a', 'duplicate keys');
INSERT OR IGNORE INTO client_restrictions (client_id, term) VALUES ('94ea1744044a5622315bbf520a', 'car key programming');
INSERT OR IGNORE INTO client_restrictions (client_id, term) VALUES ('94ea1744044a5622315bbf520a', 'key programming');

INSERT OR IGNORE INTO client_platforms
  (id, client_id, platform, account_id, username, page_id,
   upload_post_board_id, upload_post_location_id,
   privacy_level, privacy_status, paused, paused_reason, paused_since, notes)
VALUES (
  'a8b54ebcf86e76251a9518f2e6', '94ea1744044a5622315bbf520a', 'bluesky',
  '27478',
  'unlockdpros.bsky.social',
  NULL,
  NULL,
  NULL,
  NULL,
  NULL,
  0,
  NULL,
  NULL,
  NULL
);

INSERT OR IGNORE INTO client_platforms
  (id, client_id, platform, account_id, username, page_id,
   upload_post_board_id, upload_post_location_id,
   privacy_level, privacy_status, paused, paused_reason, paused_since, notes)
VALUES (
  'ec26f64d84e998beda20b35742', '94ea1744044a5622315bbf520a', 'facebook',
  '21249',
  NULL,
  '966214523248894',
  NULL,
  NULL,
  NULL,
  NULL,
  0,
  NULL,
  NULL,
  NULL
);

INSERT OR IGNORE INTO client_platforms
  (id, client_id, platform, account_id, username, page_id,
   upload_post_board_id, upload_post_location_id,
   privacy_level, privacy_status, paused, paused_reason, paused_since, notes)
VALUES (
  'd66cfd634f35c94a9e99251301', '94ea1744044a5622315bbf520a', 'instagram',
  '34615',
  'unlockdpros',
  NULL,
  NULL,
  NULL,
  NULL,
  NULL,
  0,
  NULL,
  NULL,
  NULL
);

INSERT OR IGNORE INTO client_platforms
  (id, client_id, platform, account_id, username, page_id,
   upload_post_board_id, upload_post_location_id,
   privacy_level, privacy_status, paused, paused_reason, paused_since, notes)
VALUES (
  'a3bca7c2f324ed31bb7c81dc47', '94ea1744044a5622315bbf520a', 'linkedin',
  '12712',
  NULL,
  '111968679',
  NULL,
  NULL,
  NULL,
  NULL,
  0,
  NULL,
  NULL,
  'LinkedIn not linked to UnlockD_Pros Upload-Post profile — link shared LinkedIn account at upload-post.com (same account as Elite_Team_Builders) to enable automated LinkedIn posting'
);

INSERT OR IGNORE INTO client_platforms
  (id, client_id, platform, account_id, username, page_id,
   upload_post_board_id, upload_post_location_id,
   privacy_level, privacy_status, paused, paused_reason, paused_since, notes)
VALUES (
  'aa2c75b516bbb3a91fc874c049', '94ea1744044a5622315bbf520a', 'pinterest',
  '4678',
  '1unlockedpros',
  NULL,
  '1108659701960207379',
  NULL,
  NULL,
  NULL,
  0,
  NULL,
  NULL,
  NULL
);

INSERT OR IGNORE INTO client_platforms
  (id, client_id, platform, account_id, username, page_id,
   upload_post_board_id, upload_post_location_id,
   privacy_level, privacy_status, paused, paused_reason, paused_since, notes)
VALUES (
  '63c4f9e6f271324c38d63222', '94ea1744044a5622315bbf520a', 'threads',
  '5060',
  'unlockdpros',
  NULL,
  NULL,
  NULL,
  NULL,
  NULL,
  0,
  NULL,
  NULL,
  NULL
);

INSERT OR IGNORE INTO client_platforms
  (id, client_id, platform, account_id, username, page_id,
   upload_post_board_id, upload_post_location_id,
   privacy_level, privacy_status, paused, paused_reason, paused_since, notes)
VALUES (
  'e48ef96a0c21270becd4cf8cf5', '94ea1744044a5622315bbf520a', 'tiktok',
  '33101',
  'unlockdpros',
  NULL,
  NULL,
  NULL,
  'PUBLIC_TO_EVERYONE',
  NULL,
  0,
  NULL,
  NULL,
  NULL
);

INSERT OR IGNORE INTO client_platforms
  (id, client_id, platform, account_id, username, page_id,
   upload_post_board_id, upload_post_location_id,
   privacy_level, privacy_status, paused, paused_reason, paused_since, notes)
VALUES (
  '90499808f3cc55d93117ac868c', '94ea1744044a5622315bbf520a', 'x',
  '14005',
  'UnlockDPros',
  NULL,
  NULL,
  NULL,
  NULL,
  NULL,
  1,
  'Twitter account suspended — skip all posts until restored',
  NULL,
  NULL
);

INSERT OR IGNORE INTO client_platforms
  (id, client_id, platform, account_id, username, page_id,
   upload_post_board_id, upload_post_location_id,
   privacy_level, privacy_status, paused, paused_reason, paused_since, notes)
VALUES (
  '3edcbde60ca4db76d21a845793', '94ea1744044a5622315bbf520a', 'youtube',
  '29831',
  'Gabriel Algrably (Unlock´D Pros)',
  NULL,
  NULL,
  NULL,
  NULL,
  'public',
  0,
  NULL,
  NULL,
  NULL
);

INSERT OR IGNORE INTO client_platforms
  (id, client_id, platform, account_id, username, page_id,
   upload_post_board_id, upload_post_location_id,
   privacy_level, privacy_status, paused, paused_reason, paused_since, notes)
VALUES (
  'd83dfca318483095d28cc1b84b', '94ea1744044a5622315bbf520a', 'google_business',
  NULL,
  NULL,
  NULL,
  NULL,
  'locations/5300424169079943677',
  NULL,
  NULL,
  0,
  NULL,
  NULL,
  '3 locations found (all Unlock´D Pros). Using first. Others: locations/10936485119540986625, locations/12106510679330317066'
);

INSERT OR IGNORE INTO clients
  (id, slug, canonical_name, package, status, owner_group, manual_only,
   requires_approval_from, language, never_mix_with, upload_post_profile,
   wp_domain, wp_url, wp_auth, wp_template, brand_json, notes, created_at, updated_at)
VALUES (
  'b2d448c769e838ccd7a6e888f1', 'daniels-locks-key', 'Daniel''s Locks & Key',
  'medium', 'active',
  'gabriel-algrably',
  0,
  NULL,
  'en',
  NULL,
  'Daniels_Locks_Key',
  'danielslockkey.com',
  'https://danielslockkey.com/wp-json/wp/v2',
  'b3BlbmNsYXc6QjhJOHBiNEpGcjE0Z0R0dEtDQ25ZZ0xj',
  'locksmith',
  '{"primary_color":"#1a2e44","accent_color":"#f59e0b","company_name":"Daniel''s Lock & Key Service","tagline":"Expert Locksmith Services You Can Trust","phone":"310-600-2849","phone_display":"(310) 600-2849","cta_text":"Call Daniel''s Lock & Key for professional locksmith service","cta_button_label":"Call Now"}',
  'Gabriel Algrably client. NEVER mention forbidden terms. Owner-operated. Non-destructive entry differentiator.',
  1775844067, 1775844067
);

INSERT OR IGNORE INTO client_restrictions (client_id, term) VALUES ('b2d448c769e838ccd7a6e888f1', 'car key fob');
INSERT OR IGNORE INTO client_restrictions (client_id, term) VALUES ('b2d448c769e838ccd7a6e888f1', 'key fob');
INSERT OR IGNORE INTO client_restrictions (client_id, term) VALUES ('b2d448c769e838ccd7a6e888f1', 'duplicate key');
INSERT OR IGNORE INTO client_restrictions (client_id, term) VALUES ('b2d448c769e838ccd7a6e888f1', 'duplicate keys');
INSERT OR IGNORE INTO client_restrictions (client_id, term) VALUES ('b2d448c769e838ccd7a6e888f1', 'car key programming');
INSERT OR IGNORE INTO client_restrictions (client_id, term) VALUES ('b2d448c769e838ccd7a6e888f1', 'key programming');

INSERT OR IGNORE INTO client_platforms
  (id, client_id, platform, account_id, username, page_id,
   upload_post_board_id, upload_post_location_id,
   privacy_level, privacy_status, paused, paused_reason, paused_since, notes)
VALUES (
  '589590cd197a9c9aeae3bec5d4', 'b2d448c769e838ccd7a6e888f1', 'bluesky',
  '27463',
  'danielslockkey.bsky.social',
  NULL,
  NULL,
  NULL,
  NULL,
  NULL,
  0,
  NULL,
  NULL,
  NULL
);

INSERT OR IGNORE INTO client_platforms
  (id, client_id, platform, account_id, username, page_id,
   upload_post_board_id, upload_post_location_id,
   privacy_level, privacy_status, paused, paused_reason, paused_since, notes)
VALUES (
  '8e01e63e7520c8ba5d598157cd', 'b2d448c769e838ccd7a6e888f1', 'facebook',
  '21249',
  NULL,
  '972987222574766',
  NULL,
  NULL,
  NULL,
  NULL,
  0,
  NULL,
  NULL,
  NULL
);

INSERT OR IGNORE INTO client_platforms
  (id, client_id, platform, account_id, username, page_id,
   upload_post_board_id, upload_post_location_id,
   privacy_level, privacy_status, paused, paused_reason, paused_since, notes)
VALUES (
  '2229704f1a823a63f661f672e', 'b2d448c769e838ccd7a6e888f1', 'instagram',
  '34596',
  'danielslock_keyservice',
  NULL,
  NULL,
  NULL,
  NULL,
  NULL,
  0,
  NULL,
  NULL,
  NULL
);

INSERT OR IGNORE INTO client_platforms
  (id, client_id, platform, account_id, username, page_id,
   upload_post_board_id, upload_post_location_id,
   privacy_level, privacy_status, paused, paused_reason, paused_since, notes)
VALUES (
  '880d321836ccda9d4db0fcd306', 'b2d448c769e838ccd7a6e888f1', 'pinterest',
  '4677',
  'danielslocknkeys',
  NULL,
  '1102115408751684179',
  NULL,
  NULL,
  NULL,
  0,
  NULL,
  NULL,
  NULL
);

INSERT OR IGNORE INTO client_platforms
  (id, client_id, platform, account_id, username, page_id,
   upload_post_board_id, upload_post_location_id,
   privacy_level, privacy_status, paused, paused_reason, paused_since, notes)
VALUES (
  '7b7028b553a2c48c5eb34c2e38', 'b2d448c769e838ccd7a6e888f1', 'threads',
  '5059',
  'danielslock_keyservice',
  NULL,
  NULL,
  NULL,
  NULL,
  NULL,
  0,
  NULL,
  NULL,
  NULL
);

INSERT OR IGNORE INTO client_platforms
  (id, client_id, platform, account_id, username, page_id,
   upload_post_board_id, upload_post_location_id,
   privacy_level, privacy_status, paused, paused_reason, paused_since, notes)
VALUES (
  'de8ad5da7e1f2c8d32ebd38b68', 'b2d448c769e838ccd7a6e888f1', 'tiktok',
  '33102',
  'danielslockandkeys',
  NULL,
  NULL,
  NULL,
  'PUBLIC_TO_EVERYONE',
  NULL,
  0,
  NULL,
  NULL,
  NULL
);

INSERT OR IGNORE INTO client_platforms
  (id, client_id, platform, account_id, username, page_id,
   upload_post_board_id, upload_post_location_id,
   privacy_level, privacy_status, paused, paused_reason, paused_since, notes)
VALUES (
  '98531f1c15decb773bfcfe74c1', 'b2d448c769e838ccd7a6e888f1', 'x',
  '14004',
  'danielslockkeys',
  NULL,
  NULL,
  NULL,
  NULL,
  NULL,
  1,
  'Twitter account suspended — skip all posts until restored',
  NULL,
  NULL
);

INSERT OR IGNORE INTO client_platforms
  (id, client_id, platform, account_id, username, page_id,
   upload_post_board_id, upload_post_location_id,
   privacy_level, privacy_status, paused, paused_reason, paused_since, notes)
VALUES (
  '1cfb9267b64a152a8d3f241573', 'b2d448c769e838ccd7a6e888f1', 'youtube',
  '29832',
  'Daniel ben Algrably (Daniel''s Lock & Keys)',
  NULL,
  NULL,
  NULL,
  NULL,
  'public',
  0,
  NULL,
  NULL,
  NULL
);

INSERT OR IGNORE INTO client_platforms
  (id, client_id, platform, account_id, username, page_id,
   upload_post_board_id, upload_post_location_id,
   privacy_level, privacy_status, paused, paused_reason, paused_since, notes)
VALUES (
  '70a7587de87dac04b41c489b6a', 'b2d448c769e838ccd7a6e888f1', 'google_business',
  NULL,
  NULL,
  NULL,
  NULL,
  'locations/10998256148076131722',
  NULL,
  NULL,
  0,
  NULL,
  NULL,
  'Daniel''s Lock & Key Service — verified 2026-04-08'
);

INSERT OR IGNORE INTO clients
  (id, slug, canonical_name, package, status, owner_group, manual_only,
   requires_approval_from, language, never_mix_with, upload_post_profile,
   wp_domain, wp_url, wp_auth, wp_template, brand_json, notes, created_at, updated_at)
VALUES (
  '7b90b396f9e4de6d738ba192e3', 'best-garage-door', 'Best Garage Door & Repair CA',
  'medium', 'active',
  NULL,
  0,
  NULL,
  'en',
  NULL,
  'PENDING_SETUP',
  NULL,
  NULL,
  NULL,
  NULL,
  NULL,
  'INACTIVE in Notion as of 2026-03-31. Post Mon-Fri only. AER Garage Door in Blotato.',
  1775844067, 1775844067
);

INSERT OR IGNORE INTO client_platforms
  (id, client_id, platform, account_id, username, page_id,
   upload_post_board_id, upload_post_location_id,
   privacy_level, privacy_status, paused, paused_reason, paused_since, notes)
VALUES (
  'a23e2a7ef3df9d9512b3b70374', '7b90b396f9e4de6d738ba192e3', 'facebook',
  '21249',
  NULL,
  '276958339336840',
  NULL,
  NULL,
  NULL,
  NULL,
  0,
  NULL,
  NULL,
  NULL
);

INSERT OR IGNORE INTO client_platforms
  (id, client_id, platform, account_id, username, page_id,
   upload_post_board_id, upload_post_location_id,
   privacy_level, privacy_status, paused, paused_reason, paused_since, notes)
VALUES (
  '814f1661bcff12a3c3c3f4f638', '7b90b396f9e4de6d738ba192e3', 'instagram',
  '33054',
  'best.garageca',
  NULL,
  NULL,
  NULL,
  NULL,
  NULL,
  0,
  NULL,
  NULL,
  NULL
);

INSERT OR IGNORE INTO client_platforms
  (id, client_id, platform, account_id, username, page_id,
   upload_post_board_id, upload_post_location_id,
   privacy_level, privacy_status, paused, paused_reason, paused_since, notes)
VALUES (
  '0390cd51c76579c67916b96e9a', '7b90b396f9e4de6d738ba192e3', 'threads',
  '5181',
  'best.garageca',
  NULL,
  NULL,
  NULL,
  NULL,
  NULL,
  0,
  NULL,
  NULL,
  NULL
);

INSERT OR IGNORE INTO clients
  (id, slug, canonical_name, package, status, owner_group, manual_only,
   requires_approval_from, language, never_mix_with, upload_post_profile,
   wp_domain, wp_url, wp_auth, wp_template, brand_json, notes, created_at, updated_at)
VALUES (
  '95dbde14599be29b7284016c78', 'ketty-robles-accounting', 'Ketty S Robles Accounting',
  'medium', 'active',
  NULL,
  0,
  NULL,
  'en',
  NULL,
  'Ketty_Robles',
  NULL,
  NULL,
  NULL,
  NULL,
  NULL,
  'Barter client (no cash). Facebook only. Bilingual EN/ES. ITIN specialization.',
  1775844067, 1775844067
);

INSERT OR IGNORE INTO client_platforms
  (id, client_id, platform, account_id, username, page_id,
   upload_post_board_id, upload_post_location_id,
   privacy_level, privacy_status, paused, paused_reason, paused_since, notes)
VALUES (
  '198bb94bce2242136482215826', '95dbde14599be29b7284016c78', 'facebook',
  '21249',
  NULL,
  '335460246944724',
  NULL,
  NULL,
  NULL,
  NULL,
  0,
  NULL,
  NULL,
  NULL
);

INSERT OR IGNORE INTO clients
  (id, slug, canonical_name, package, status, owner_group, manual_only,
   requires_approval_from, language, never_mix_with, upload_post_profile,
   wp_domain, wp_url, wp_auth, wp_template, brand_json, notes, created_at, updated_at)
VALUES (
  'c010bbf15aad91889dff35eb9', 'jaz-makeup-artist', 'Jaz MakeUp Artist',
  'medium', 'active',
  NULL,
  0,
  NULL,
  'en',
  NULL,
  'Jaz_MakeUp_Artist',
  NULL,
  NULL,
  NULL,
  NULL,
  NULL,
  'ALL CONTENT IN SPANISH ONLY — Nicaragua audience. Beauty/makeup artist. Basic package, 3x/week. Owner: Jazmina.',
  1775844067, 1775844067
);

INSERT OR IGNORE INTO client_platforms
  (id, client_id, platform, account_id, username, page_id,
   upload_post_board_id, upload_post_location_id,
   privacy_level, privacy_status, paused, paused_reason, paused_since, notes)
VALUES (
  '31022bd3364735734a0fd7e802', 'c010bbf15aad91889dff35eb9', 'facebook',
  '21249',
  NULL,
  '1100785716444095',
  NULL,
  NULL,
  NULL,
  NULL,
  0,
  NULL,
  NULL,
  NULL
);

INSERT OR IGNORE INTO client_platforms
  (id, client_id, platform, account_id, username, page_id,
   upload_post_board_id, upload_post_location_id,
   privacy_level, privacy_status, paused, paused_reason, paused_since, notes)
VALUES (
  'a52b07863b7f4c1ac566767107', 'c010bbf15aad91889dff35eb9', 'instagram',
  '35759',
  'jaz.m.u.a',
  NULL,
  NULL,
  NULL,
  NULL,
  NULL,
  0,
  NULL,
  NULL,
  NULL
);

INSERT OR IGNORE INTO client_platforms
  (id, client_id, platform, account_id, username, page_id,
   upload_post_board_id, upload_post_location_id,
   privacy_level, privacy_status, paused, paused_reason, paused_since, notes)
VALUES (
  '5556fa63a333e7d35b3d39eab7', 'c010bbf15aad91889dff35eb9', 'youtube',
  '30439',
  'Jazmina Fonseca (Jaz MakeUp Artist)',
  NULL,
  NULL,
  NULL,
  NULL,
  'public',
  0,
  NULL,
  NULL,
  NULL
);

INSERT OR IGNORE INTO client_platforms
  (id, client_id, platform, account_id, username, page_id,
   upload_post_board_id, upload_post_location_id,
   privacy_level, privacy_status, paused, paused_reason, paused_since, notes)
VALUES (
  '26de001d7abb0e8f1aaac9093', 'c010bbf15aad91889dff35eb9', 'google_business',
  NULL,
  NULL,
  NULL,
  NULL,
  'locations/14370599394223647355',
  NULL,
  NULL,
  0,
  NULL,
  NULL,
  'Jaz MakeUp Artist — verified 2026-04-08'
);

INSERT OR IGNORE INTO client_platforms
  (id, client_id, platform, account_id, username, page_id,
   upload_post_board_id, upload_post_location_id,
   privacy_level, privacy_status, paused, paused_reason, paused_since, notes)
VALUES (
  'd3a9d3f7f1badb6a7fad702ba5', 'c010bbf15aad91889dff35eb9', 'tiktok',
  NULL,
  NULL,
  NULL,
  NULL,
  NULL,
  NULL,
  NULL,
  1,
  'TikTok not connected in Upload-Post — connect Jazmina''s TikTok account to enable',
  NULL,
  NULL
);

INSERT OR IGNORE INTO clients
  (id, slug, canonical_name, package, status, owner_group, manual_only,
   requires_approval_from, language, never_mix_with, upload_post_profile,
   wp_domain, wp_url, wp_auth, wp_template, brand_json, notes, created_at, updated_at)
VALUES (
  '64c046039cbb1d7c5a20b44efe', 'webxni', 'WebXni',
  'medium', 'active',
  NULL,
  0,
  NULL,
  'en',
  NULL,
  'WebXni',
  NULL,
  NULL,
  NULL,
  NULL,
  NULL,
  'Internal account. Keep separate from all client content.',
  1775844067, 1775844067
);

INSERT OR IGNORE INTO client_platforms
  (id, client_id, platform, account_id, username, page_id,
   upload_post_board_id, upload_post_location_id,
   privacy_level, privacy_status, paused, paused_reason, paused_since, notes)
VALUES (
  '8cd38c7fac638f39fc35113811', '64c046039cbb1d7c5a20b44efe', 'bluesky',
  '27270',
  'webxni.bsky.social',
  NULL,
  NULL,
  NULL,
  NULL,
  NULL,
  0,
  NULL,
  NULL,
  NULL
);

INSERT OR IGNORE INTO client_platforms
  (id, client_id, platform, account_id, username, page_id,
   upload_post_board_id, upload_post_location_id,
   privacy_level, privacy_status, paused, paused_reason, paused_since, notes)
VALUES (
  '3aae948bc5c87e243d656e5ca3', '64c046039cbb1d7c5a20b44efe', 'facebook',
  '21249',
  NULL,
  '108849464925643',
  NULL,
  NULL,
  NULL,
  NULL,
  0,
  NULL,
  NULL,
  NULL
);

INSERT OR IGNORE INTO client_platforms
  (id, client_id, platform, account_id, username, page_id,
   upload_post_board_id, upload_post_location_id,
   privacy_level, privacy_status, paused, paused_reason, paused_since, notes)
VALUES (
  '023571b5b0be41f47f5fe62444', '64c046039cbb1d7c5a20b44efe', 'instagram',
  '32735',
  'webxni',
  NULL,
  NULL,
  NULL,
  NULL,
  NULL,
  0,
  NULL,
  NULL,
  NULL
);

INSERT OR IGNORE INTO client_platforms
  (id, client_id, platform, account_id, username, page_id,
   upload_post_board_id, upload_post_location_id,
   privacy_level, privacy_status, paused, paused_reason, paused_since, notes)
VALUES (
  '10db741b53fddd567ffb5f6f33', '64c046039cbb1d7c5a20b44efe', 'pinterest',
  '4660',
  'WebXni',
  NULL,
  '1043005663642129097',
  NULL,
  NULL,
  NULL,
  0,
  NULL,
  NULL,
  NULL
);

INSERT OR IGNORE INTO client_platforms
  (id, client_id, platform, account_id, username, page_id,
   upload_post_board_id, upload_post_location_id,
   privacy_level, privacy_status, paused, paused_reason, paused_since, notes)
VALUES (
  '977e40a58553c45ca080fa72c6', '64c046039cbb1d7c5a20b44efe', 'tiktok',
  '32655',
  'webxnillc',
  NULL,
  NULL,
  NULL,
  'PUBLIC_TO_EVERYONE',
  NULL,
  0,
  NULL,
  NULL,
  NULL
);

INSERT OR IGNORE INTO client_platforms
  (id, client_id, platform, account_id, username, page_id,
   upload_post_board_id, upload_post_location_id,
   privacy_level, privacy_status, paused, paused_reason, paused_since, notes)
VALUES (
  '618b67667e8d82e3154d44d03', '64c046039cbb1d7c5a20b44efe', 'youtube',
  '29550',
  'webxni (Webxni)',
  NULL,
  NULL,
  NULL,
  NULL,
  'public',
  0,
  NULL,
  NULL,
  NULL
);

INSERT OR IGNORE INTO client_platforms
  (id, client_id, platform, account_id, username, page_id,
   upload_post_board_id, upload_post_location_id,
   privacy_level, privacy_status, paused, paused_reason, paused_since, notes)
VALUES (
  'd5aae06d85c7ac68ee5238e772', '64c046039cbb1d7c5a20b44efe', 'google_business',
  NULL,
  NULL,
  NULL,
  NULL,
  'locations/2822236853484291662',
  NULL,
  NULL,
  0,
  NULL,
  NULL,
  'WebXni LLC'
);
